,position,beta,z,gross_return,cost_drag,net_return,equity,turnover
2016-12-02,0.0,1.1620181862177992,1.0679277852816118,0.0,0.0,0.0,1000000.0,0.0
2016-12-05,0.0,1.1636481079503456,-0.5542690744758115,-0.0,0.0,-0.0,1000000.0,0.0
2016-12-06,0.0,1.1629012362531825,0.22116333452978518,0.0,0.0,0.0,1000000.0,0.0
2016-12-07,0.0,1.1629962080814173,-1.6254514080808264,0.0,0.0,0.0,1000000.0,0.0
2016-12-08,0.0,1.1626393468505398,-0.013816291417409358,0.0,0.0,0.0,1000000.0,0.0
2016-12-09,0.0,1.1626179539202899,-0.6794345301671093,0.0,0.0,0.0,1000000.0,0.0
2016-12-12,0.0,1.1621144383712216,-0.22746269531881344,0.0,0.0,0.0,1000000.0,0.0
2016-12-13,0.0,1.1617638459559814,-1.5062987532484073,-0.0,0.0,-0.0,1000000.0,0.0
2016-12-14,0.0,1.159013688213746,0.45025288213007525,0.0,0.0,0.0,1000000.0,0.0
2016-12-15,0.0,1.159234489074013,-1.2950397651844607,0.0,0.0,0.0,1000000.0,0.0
2016-12-16,0.0,1.1585476381824136,0.07219551176040576,0.0,0.0,0.0,1000000.0,0.0
2016-12-19,0.0,1.1587042449002458,-1.156623214545983,0.0,0.0,0.0,1000000.0,0.0
2016-12-20,0.0,1.157302476781232,-0.7237901629140823,0.0,0.0,0.0,1000000.0,0.0
2016-12-21,0.0,1.1567152368348457,1.2896585872315256,0.0,0.0,0.0,1000000.0,0.0
2016-12-22,0.0,1.1574560002262897,0.7840042883676483,0.0,0.0,0.0,1000000.0,0.0
2016-12-23,0.0,1.1580708286406263,1.344952731526432,0.0,0.0,0.0,1000000.0,0.0
2016-12-26,0.0,1.158826516427398,1.4740165190417824,0.0,0.0,0.0,1000000.0,0.0
2016-12-27,0.0,1.1615092292440763,-0.6710705240300214,0.0,0.0,0.0,1000000.0,0.0
2016-12-28,0.0,1.1608701296465997,1.251605733120336,0.0,0.0,0.0,1000000.0,0.0
2016-12-29,0.0,1.1635251071971462,-1.3040772547922357,0.0,0.0,0.0,1000000.0,0.0
2016-12-30,0.0,1.161896921049774,0.7316428732879783,0.0,0.0,0.0,1000000.0,0.0
2017-01-02,0.0,1.1624468429467694,-0.4177851753780765,0.0,0.0,0.0,1000000.0,0.0
2017-01-03,0.0,1.1619953663465672,-0.6723963084436412,0.0,0.0,0.0,1000000.0,0.0
2017-01-04,0.0,1.1621347711708323,0.6003144634697432,0.0,0.0,0.0,1000000.0,0.0
2017-01-05,0.0,1.162910872284756,0.9120685435974589,0.0,0.0,0.0,1000000.0,0.0
2017-01-06,0.0,1.1640541395102608,0.758429426939226,0.0,0.0,0.0,1000000.0,0.0
2017-01-09,0.0,1.1655644587576803,0.3780344702408317,0.0,0.0,0.0,1000000.0,0.0
2017-01-10,0.0,1.1655030130576218,-0.016558028709727644,0.0,0.0,0.0,1000000.0,0.0
2017-01-11,0.0,1.1654728846189784,0.40482542978716896,0.0,0.0,0.0,1000000.0,0.0
2017-01-12,0.0,1.166141284141587,0.10888642974133969,0.0,0.0,0.0,1000000.0,0.0
2017-01-13,0.0,1.1663451093680253,0.4869663598796829,0.0,0.0,0.0,1000000.0,0.0
2017-01-16,0.0,1.1669501185206372,0.059626422295726796,0.0,0.0,0.0,1000000.0,0.0
2017-01-17,0.0,1.1670314246001032,1.0719783877193274,0.0,0.0,0.0,1000000.0,0.0
2017-01-18,0.0,1.167495683926421,-1.9350121674347691,-0.0,0.0,-0.0,1000000.0,0.0
2017-01-19,0.0,1.1649033982129333,-0.145481371205983,0.0,0.0,0.0,1000000.0,0.0
2017-01-20,0.0,1.1648187955297515,-1.3968913641850311,0.0,0.0,0.0,1000000.0,0.0
2017-01-23,0.0,1.1645374485516105,0.40521655579485893,0.0,0.0,0.0,1000000.0,0.0
2017-01-24,0.0,1.1647127263585666,1.8231938182171,0.0,0.0,0.0,1000000.0,0.0
2017-01-25,0.0,1.1664239776344723,-0.5113460015217772,0.0,0.0,0.0,1000000.0,0.0
2017-01-26,0.0,1.1660628072447767,0.020121969120814938,0.0,0.0,0.0,1000000.0,0.0
2017-01-27,0.0,1.1660872476635098,1.072702038451767,0.0,0.0,0.0,1000000.0,0.0
2017-01-30,0.0,1.1663266375315042,-2.1175620999760474,0.0,0.0,0.0,1000000.0,0.0
2017-01-31,1.0,1.1665723160216208,-0.7721134351499745,-0.0015810527606964241,0.0007,-0.0022810527606964242,997718.9472393035,1.0
2017-02-01,1.0,1.1651369764286783,0.30851541855266,0.0006951582962911021,4.283750162404787e-07,0.0006947299212748616,998412.0924449736,0.0006119643089149696
2017-02-02,0.0,1.16563672017777,-2.6552352012163363,0.0,0.0007,-0.0007,997713.203980262,1.0
2017-02-03,1.0,1.1632729802892494,-0.8689102480145858,-0.002077784814981419,0.0007,-0.0027777848149814193,994941.7713925393,1.0
2017-02-06,1.0,1.16244533397458,1.041738128603334,0.0028121675071488897,2.4769449694811984e-07,0.0028119198126519414,997739.467871953,0.0003538492813544569
2017-02-07,1.0,1.164454400401165,0.9418390757536866,0.002523482988246075,6.009367359378904e-07,0.002522882051510137,1000256.6468675304,0.0008584810513398433
2017-02-08,1.0,1.1660782901406854,0.3870531345501334,0.0010061133831623004,4.849109408941121e-07,0.0010056284722214062,1001262.5334311491,0.0006927299155630173
2017-02-09,0.0,1.1666130061151518,0.7124733167477395,0.0,0.0007,-0.0007,1000561.6496577472,1.0
2017-02-10,0.0,1.168165313160312,0.25671867911407276,0.0,0.0,0.0,1000561.6496577472,0.0
2017-02-13,0.0,1.1684035606617018,0.48083134545352674,0.0,0.0,0.0,1000561.6496577472,0.0
2017-02-14,0.0,1.1690644629652207,-0.28586110849074126,0.0,0.0,0.0,1000561.6496577472,0.0
2017-02-15,0.0,1.1686567754136257,0.09995793151084738,0.0,0.0,0.0,1000561.6496577472,0.0
2017-02-16,0.0,1.1687825318655949,-0.5562296042714457,0.0,0.0,0.0,1000561.6496577472,0.0
2017-02-17,0.0,1.1681864391195236,1.1472306995174089,0.0,0.0,0.0,1000561.6496577472,0.0
2017-02-20,0.0,1.1697331476515436,1.3150280303065205,0.0,0.0,0.0,1000561.6496577472,0.0
2017-02-21,0.0,1.1716049024778818,1.262006974338572,0.0,0.0,0.0,1000561.6496577472,0.0
2017-02-22,0.0,1.1724661330097657,-0.4791137345193825,-0.0,0.0,-0.0,1000561.6496577472,0.0
2017-02-23,0.0,1.17164719654602,-0.8391458032494538,0.0,0.0,0.0,1000561.6496577472,0.0
2017-02-24,0.0,1.1709584942248648,1.0341309541132766,0.0,0.0,0.0,1000561.6496577472,0.0
2017-02-27,0.0,1.1722275050950743,0.42724377007475617,0.0,0.0,0.0,1000561.6496577472,0.0
2017-02-28,0.0,1.1727875048112333,0.15410652847571116,0.0,0.0,0.0,1000561.6496577472,0.0
2017-03-01,0.0,1.1730382112263988,-0.5138320672216987,0.0,0.0,0.0,1000561.6496577472,0.0
2017-03-02,0.0,1.1729891416030582,0.29699257445375415,0.0,0.0,0.0,1000561.6496577472,0.0
2017-03-03,0.0,1.1733788144606156,-1.3737478033498476,0.0,0.0,0.0,1000561.6496577472,0.0
2017-03-06,0.0,1.1724982937832573,0.5502216097222958,0.0,0.0,0.0,1000561.6496577472,0.0
2017-03-07,0.0,1.1732958077937312,1.6798399161794513,0.0,0.0,0.0,1000561.6496577472,0.0
2017-03-08,0.0,1.1744807251527145,1.7525625986177429,0.0,0.0,0.0,1000561.6496577472,0.0
2017-03-09,0.0,1.1765061201436713,0.3446533799933634,0.0,0.0,0.0,1000561.6496577472,0.0
2017-03-10,0.0,1.177258472184139,-1.5863908738210122,0.0,0.0,0.0,1000561.6496577472,0.0
2017-03-13,0.0,1.1758340434903534,-0.11513055801532385,0.0,0.0,0.0,1000561.6496577472,0.0
2017-03-14,0.0,1.1756262189718383,1.9392119625777091,0.0,0.0,0.0,1000561.6496577472,0.0
2017-03-15,0.0,1.1780904913327084,-1.0247799755498104,-0.0,0.0,-0.0,1000561.6496577472,0.0
2017-03-16,0.0,1.1764115706325018,-0.21056470577291506,0.0,0.0,0.0,1000561.6496577472,0.0
2017-03-17,0.0,1.176176768687477,1.1143735133435693,0.0,0.0,0.0,1000561.6496577472,0.0
2017-03-20,0.0,1.177960489589835,0.4964846278450291,0.0,0.0,0.0,1000561.6496577472,0.0
2017-03-21,0.0,1.1783996707548288,2.2153979990130392,0.0,0.0,0.0,1000561.6496577472,0.0
2017-03-22,-1.0,1.1793543691925936,-0.7816149828547018,0.0020966070790043234,0.0006999999999999999,0.0013966070790043235,1001959.0411406393,0.9999999999999999
2017-03-23,-1.0,1.1786913241338282,-1.131039575648397,0.0028962905492053255,1.9550034182869158e-07,0.0028960950488634966,1004860.8097588507,0.00027928620261241655
2017-03-24,-1.0,1.1770533397358813,0.8914249477848514,-0.0023617095210361,4.834738873930711e-07,-0.0023621929949234934,1002487.1345931651,0.0006906769819901015
2017-03-27,-1.0,1.1781824047846656,-1.2759024657918465,0.0035198029297363216,3.3333712398316283e-07,0.0035194695926123384,1006015.357580351,0.00047619589140451835
2017-03-28,-1.0,1.1757427162201866,-0.4857311493399689,0.0012747240638460561,7.20710156603932e-07,0.0012740033536894522,1007297.0245197715,0.0010295859380056172
2017-03-29,0.0,1.1746141066392608,-0.1471514620647208,0.0,0.0007,-0.0007,1006591.9166026076,1.0
2017-03-30,0.0,1.1744833164923212,0.7760083163415444,0.0,0.0,0.0,1006591.9166026076,0.0
2017-03-31,0.0,1.175229635595416,0.5292818520756706,0.0,0.0,0.0,1006591.9166026076,0.0
2017-04-03,0.0,1.17539604092583,-0.005887399273042764,0.0,0.0,0.0,1006591.9166026076,0.0
2017-04-04,0.0,1.1753795819276736,-0.591824763921906,-0.0,0.0,-0.0,1006591.9166026076,0.0
2017-04-05,0.0,1.1743900220704477,0.7950300488104215,0.0,0.0,0.0,1006591.9166026076,0.0
2017-04-06,0.0,1.175893306399053,2.7791940732310767,0.0,0.0,0.0,1006591.9166026076,0.0
2017-04-07,-1.0,1.1779379786848236,0.27649478002059846,-0.0006799414855347683,0.0006999999999999999,-0.0013799414855347682,1005202.8786578837,0.9999999999999999
2017-04-10,0.0,1.1784336750412086,-0.22763113169549995,-0.0,0.0006999999999999999,-0.0006999999999999999,1004499.2366428231,0.9999999999999999
2017-04-11,0.0,1.1779935165096613,-1.1683295688200146,0.0,0.0,0.0,1004499.2366428231,0.0
2017-04-12,0.0,1.1764086054099645,-0.8116644213940564,-0.0,0.0,-0.0,1004499.2366428231,0.0
2017-04-13,0.0,1.174426527653552,-0.5825252330688026,0.0,0.0,0.0,1004499.2366428231,0.0
2017-04-14,0.0,1.1724073980768162,-0.48726729740706404,0.0,0.0,0.0,1004499.2366428231,0.0
2017-04-17,0.0,1.1720308778241806,-0.12785879993945662,0.0,0.0,0.0,1004499.2366428231,0.0
2017-04-18,0.0,1.1719013279642019,1.2554280849426431,0.0,0.0,0.0,1004499.2366428231,0.0
2017-04-19,0.0,1.173178123216047,0.6114449286290522,0.0,0.0,0.0,1004499.2366428231,0.0
2017-04-20,0.0,1.1748196111850966,-0.4738101203734465,0.0,0.0,0.0,1004499.2366428231,0.0
2017-04-21,0.0,1.1736945668193781,-1.1498978850918133,0.0,0.0,0.0,1004499.2366428231,0.0
2017-04-24,0.0,1.1719759791941582,0.8135427947225429,0.0,0.0,0.0,1004499.2366428231,0.0
2017-04-25,0.0,1.1733072820444617,-0.13464536260113172,0.0,0.0,0.0,1004499.2366428231,0.0
2017-04-26,0.0,1.1732095082101164,-1.55785066238533,-0.0,0.0,-0.0,1004499.2366428231,0.0
2017-04-27,0.0,1.1696960293522796,0.3792197980061512,0.0,0.0,0.0,1004499.2366428231,0.0
2017-04-28,0.0,1.170193369639644,0.6131350721579163,0.0,0.0,0.0,1004499.2366428231,0.0
2017-05-01,0.0,1.171109797707296,-1.8448522712473148,-0.0,0.0,-0.0,1004499.2366428231,0.0
2017-05-02,0.0,1.167116185878693,-0.6622583459296938,0.0,0.0,0.0,1004499.2366428231,0.0
2017-05-03,0.0,1.1663224995576422,-0.15385656025695035,0.0,0.0,0.0,1004499.2366428231,0.0
2017-05-04,0.0,1.166113239165911,0.5442284254934903,0.0,0.0,0.0,1004499.2366428231,0.0
2017-05-05,0.0,1.1668350079015866,-0.6813202165928206,-0.0,0.0,-0.0,1004499.2366428231,0.0
2017-05-08,0.0,1.16558923758032,-1.072134092825269,0.0,0.0,0.0,1004499.2366428231,0.0
2017-05-09,0.0,1.1628087939003764,0.48587117927247814,0.0,0.0,0.0,1004499.2366428231,0.0
2017-05-10,0.0,1.1636717602943463,-0.6097878639137402,-0.0,0.0,-0.0,1004499.2366428231,0.0
2017-05-11,0.0,1.1625672318316531,0.40864777803121455,0.0,0.0,0.0,1004499.2366428231,0.0
2017-05-12,0.0,1.1630559867520047,-1.0588237481197813,0.0,0.0,0.0,1004499.2366428231,0.0
2017-05-15,0.0,1.1619692392987249,-1.329822317859405,-0.0,0.0,-0.0,1004499.2366428231,0.0
2017-05-16,0.0,1.1596981303812066,0.6369927400902387,0.0,0.0,0.0,1004499.2366428231,0.0
2017-05-17,0.0,1.1605776984548575,0.34516707044156536,0.0,0.0,0.0,1004499.2366428231,0.0
2017-05-18,0.0,1.1606794215200822,0.8051318883549548,0.0,0.0,0.0,1004499.2366428231,0.0
2017-05-19,0.0,1.1616979400630072,-0.5758959190561027,0.0,0.0,0.0,1004499.2366428231,0.0
2017-05-22,0.0,1.1609654258666333,-0.8139056463174797,0.0,0.0,0.0,1004499.2366428231,0.0
2017-05-23,0.0,1.1602748383809673,1.093143904189067,0.0,0.0,0.0,1004499.2366428231,0.0
2017-05-24,0.0,1.1626520122629158,-1.5841839781313054,-0.0,0.0,-0.0,1004499.2366428231,0.0
2017-05-25,0.0,1.1600981483910724,0.9948864243423032,0.0,0.0,0.0,1004499.2366428231,0.0
2017-05-26,0.0,1.163828834240503,1.1340682435666054,0.0,0.0,0.0,1004499.2366428231,0.0
2017-05-29,0.0,1.1654587707157908,0.8030524603291331,0.0,0.0,0.0,1004499.2366428231,0.0
2017-05-30,0.0,1.1663669708376327,-0.7467569408405155,0.0,0.0,0.0,1004499.2366428231,0.0
2017-05-31,0.0,1.1658657584673773,-0.9603307865988612,0.0,0.0,0.0,1004499.2366428231,0.0
2017-06-01,0.0,1.1647863985155156,-0.3152068455032801,0.0,0.0,0.0,1004499.2366428231,0.0
2017-06-02,0.0,1.1644377504427565,-1.2586728806778538,0.0,0.0,0.0,1004499.2366428231,0.0
2017-06-05,0.0,1.1641164465883336,-1.020599652265158,0.0,0.0,0.0,1004499.2366428231,0.0
2017-06-06,0.0,1.1632451138006428,0.6898251943828131,0.0,0.0,0.0,1004499.2366428231,0.0
2017-06-07,0.0,1.163909441964719,0.6333991467398293,0.0,0.0,0.0,1004499.2366428231,0.0
2017-06-08,0.0,1.1647813891911751,-1.1443969314622304,-0.0,0.0,-0.0,1004499.2366428231,0.0
2017-06-09,0.0,1.1630692337497728,0.7079682936933839,0.0,0.0,0.0,1004499.2366428231,0.0
2017-06-12,0.0,1.1637407877828825,0.4193979886054172,0.0,0.0,0.0,1004499.2366428231,0.0
2017-06-13,0.0,1.1643485439256618,1.5283619038308458,0.0,0.0,0.0,1004499.2366428231,0.0
2017-06-14,0.0,1.1661024125447685,0.8196547609189994,0.0,0.0,0.0,1004499.2366428231,0.0
2017-06-15,0.0,1.165697538701182,1.0481344397287868,0.0,0.0,0.0,1004499.2366428231,0.0
2017-06-16,0.0,1.1665608883568985,0.2836215985390748,0.0,0.0,0.0,1004499.2366428231,0.0
2017-06-19,0.0,1.1670409743273786,1.0683865471689875,0.0,0.0,0.0,1004499.2366428231,0.0
2017-06-20,0.0,1.16720371350354,-1.4243220921853552,-0.0,0.0,-0.0,1004499.2366428231,0.0
2017-06-21,0.0,1.165370262146048,-0.44395473480742487,0.0,0.0,0.0,1004499.2366428231,0.0
2017-06-22,0.0,1.1645079077972393,-0.09157515516490063,0.0,0.0,0.0,1004499.2366428231,0.0
2017-06-23,0.0,1.1644412652182998,-0.3819215021737286,0.0,0.0,0.0,1004499.2366428231,0.0
2017-06-26,0.0,1.1640730362014893,0.5862326611138433,0.0,0.0,0.0,1004499.2366428231,0.0
2017-06-27,0.0,1.1641940400552127,0.4165670363880771,0.0,0.0,0.0,1004499.2366428231,0.0
2017-06-28,0.0,1.165003197999227,0.3574896838095251,0.0,0.0,0.0,1004499.2366428231,0.0
2017-06-29,0.0,1.165337835579762,-0.3519300777628272,0.0,0.0,0.0,1004499.2366428231,0.0
2017-06-30,0.0,1.1650049072780604,-1.2174432034697649,-0.0,0.0,-0.0,1004499.2366428231,0.0
2017-07-03,0.0,1.1631481041312894,1.1614259426715696,0.0,0.0,0.0,1004499.2366428231,0.0
2017-07-04,0.0,1.1646631652631727,0.3909226855592034,0.0,0.0,0.0,1004499.2366428231,0.0
2017-07-05,0.0,1.1649274512421606,-1.3117852548428852,0.0,0.0,0.0,1004499.2366428231,0.0
2017-07-06,0.0,1.164089215673399,-0.46520258672967885,0.0,0.0,0.0,1004499.2366428231,0.0
2017-07-07,0.0,1.1635581358613056,-2.0739674157011185,0.0,0.0,0.0,1004499.2366428231,0.0
2017-07-10,1.0,1.161771550410087,0.2211682324433941,0.0005326904479939628,0.0007,-0.00016730955200603716,1004331.1743255501,1.0
2017-07-11,0.0,1.1617202962575592,-0.3306765740006701,-0.0,0.0007,-0.0007,1003628.1425035221,1.0
2017-07-12,0.0,1.1613484082476513,-0.6823155982633503,0.0,0.0,0.0,1003628.1425035221,0.0
2017-07-13,0.0,1.1610122478588702,1.8223765892462536,0.0,0.0,0.0,1003628.1425035221,0.0
2017-07-14,0.0,1.163808128859541,-1.4298624099225525,-0.0,0.0,-0.0,1003628.1425035221,0.0
2017-07-17,0.0,1.1621808607201676,0.9247949466798241,0.0,0.0,0.0,1003628.1425035221,0.0
2017-07-18,0.0,1.1626413719444733,2.3897089727023335,0.0,0.0,0.0,1003628.1425035221,0.0
2017-07-19,-1.0,1.1643644871333712,1.2542335599648908,-0.0027816887552548856,0.0007,-0.0034816887552548857,1000133.8216853102,1.0
2017-07-20,-1.0,1.1643795324201913,-0.04629186427938478,0.00016195259989623288,4.496397413900066e-09,0.00016194810349881897,1000295.7914609772,6.4234248770000946e-06
2017-07-21,0.0,1.1643509381352508,-1.346927822808866,-0.0,0.0007,-0.0007,999595.5844069544,1.0
2017-07-24,0.0,1.1618020122719663,-1.560795565747881,-0.0,0.0,-0.0,999595.5844069544,0.0
2017-07-25,0.0,1.1575491090051315,-0.5158430658196218,0.0,0.0,0.0,999595.5844069544,0.0
2017-07-26,0.0,1.1566060766714594,-0.6831337465191796,-0.0,0.0,-0.0,999595.5844069544,0.0
2017-07-27,0.0,1.1556739874056496,-0.6444037397392718,0.0,0.0,0.0,999595.5844069544,0.0
2017-07-28,0.0,1.1550876708642683,-0.21712450545533973,0.0,0.0,0.0,999595.5844069544,0.0
2017-07-31,0.0,1.1549838195196163,-0.27358557567832065,0.0,0.0,0.0,999595.5844069544,0.0
2017-08-01,0.0,1.15420294626301,0.5072564475110402,0.0,0.0,0.0,999595.5844069544,0.0
2017-08-02,0.0,1.1547796587214374,-1.3110194776446387,0.0,0.0,0.0,999595.5844069544,0.0
2017-08-03,0.0,1.151275913944379,-0.7154133777693771,0.0,0.0,0.0,999595.5844069544,0.0
2017-08-04,0.0,1.1496984454609704,0.0016165066082685412,0.0,0.0,0.0,999595.5844069544,0.0
2017-08-07,0.0,1.1496989108797306,-0.10951485417941781,0.0,0.0,0.0,999595.5844069544,0.0
2017-08-08,0.0,1.1495839524399727,1.762314118286727,0.0,0.0,0.0,999595.5844069544,0.0
2017-08-09,0.0,1.151373462109977,0.2820183443639262,0.0,0.0,0.0,999595.5844069544,0.0
2017-08-10,0.0,1.1516905883360888,-1.4427610112106124,0.0,0.0,0.0,999595.5844069544,0.0
2017-08-11,0.0,1.1500297674605577,0.21491102387510708,0.0,0.0,0.0,999595.5844069544,0.0
2017-08-14,0.0,1.150726848093676,0.6261071244679465,0.0,0.0,0.0,999595.5844069544,0.0
2017-08-15,0.0,1.1511363427319148,-0.08890629320100964,0.0,0.0,0.0,999595.5844069544,0.0
2017-08-16,0.0,1.1510399058780503,-1.410985115160365,-0.0,0.0,-0.0,999595.5844069544,0.0
2017-08-17,0.0,1.1488855190413534,1.7937760460415686,0.0,0.0,0.0,999595.5844069544,0.0
2017-08-18,0.0,1.1509342571640324,-1.0645554883105781,-0.0,0.0,-0.0,999595.5844069544,0.0
2017-08-21,0.0,1.1493502084623837,0.7604327599558789,0.0,0.0,0.0,999595.5844069544,0.0
2017-08-22,0.0,1.149968667882007,0.2365353492198313,0.0,0.0,0.0,999595.5844069544,0.0
2017-08-23,0.0,1.1502578569476132,0.5936911253536941,0.0,0.0,0.0,999595.5844069544,0.0
2017-08-24,0.0,1.1511705930156153,1.6645764842203323,0.0,0.0,0.0,999595.5844069544,0.0
2017-08-25,0.0,1.1533727931510862,0.45978822192509144,0.0,0.0,0.0,999595.5844069544,0.0
2017-08-28,0.0,1.1541484704225726,-0.7069741418535112,0.0,0.0,0.0,999595.5844069544,0.0
2017-08-29,0.0,1.1526714446118582,0.9120457084400573,0.0,0.0,0.0,999595.5844069544,0.0
2017-08-30,0.0,1.154271678841318,-0.6844056362925212,-0.0,0.0,-0.0,999595.5844069544,0.0
2017-08-31,0.0,1.1534090109003345,0.19823778234148692,0.0,0.0,0.0,999595.5844069544,0.0
2017-09-01,0.0,1.1535060801269668,-1.244460493318594,0.0,0.0,0.0,999595.5844069544,0.0
2017-09-04,0.0,1.1524302780578186,-1.0101666059658239,0.0,0.0,0.0,999595.5844069544,0.0
2017-09-05,0.0,1.1511158367854408,0.028217205397822635,0.0,0.0,0.0,999595.5844069544,0.0
2017-09-06,0.0,1.1511515317386922,0.39062921666855416,0.0,0.0,0.0,999595.5844069544,0.0
2017-09-07,0.0,1.151595909341396,-1.6561728856852287,0.0,0.0,0.0,999595.5844069544,0.0
2017-09-08,0.0,1.15073959161433,0.588849182615401,0.0,0.0,0.0,999595.5844069544,0.0
2017-09-11,0.0,1.1511532456197118,-0.6672113545022255,0.0,0.0,0.0,999595.5844069544,0.0
2017-09-12,0.0,1.1510756573339487,1.3186705808846746,0.0,0.0,0.0,999595.5844069544,0.0
2017-09-13,0.0,1.1525472690086203,-0.20060462628709322,0.0,0.0,0.0,999595.5844069544,0.0
2017-09-14,0.0,1.152490094457905,-1.1365989139014039,0.0,0.0,0.0,999595.5844069544,0.0
2017-09-15,0.0,1.1518853840237822,0.14558682632272074,0.0,0.0,0.0,999595.5844069544,0.0
2017-09-18,0.0,1.1520281890893884,-0.9123277027771693,0.0,0.0,0.0,999595.5844069544,0.0
2017-09-19,0.0,1.1515322362581621,1.4012056969292093,0.0,0.0,0.0,999595.5844069544,0.0
2017-09-20,0.0,1.1536910193681489,0.012777459297939534,0.0,0.0,0.0,999595.5844069544,0.0
2017-09-21,0.0,1.1537110119865985,-0.09539280503210627,0.0,0.0,0.0,999595.5844069544,0.0
2017-09-22,0.0,1.1536350344880713,0.8107000445732493,0.0,0.0,0.0,999595.5844069544,0.0
2017-09-25,0.0,1.1542433345784668,-1.1845825485397643,-0.0,0.0,-0.0,999595.5844069544,0.0
2017-09-26,0.0,1.1527460852003117,-1.4377691980655691,0.0,0.0,0.0,999595.5844069544,0.0
2017-09-27,0.0,1.1519173094592827,0.6340891180090653,0.0,0.0,0.0,999595.5844069544,0.0
2017-09-28,0.0,1.1523031345563115,-1.2881402303619112,-0.0,0.0,-0.0,999595.5844069544,0.0
2017-09-29,0.0,1.1499785914384375,-1.2449128281637756,-0.0,0.0,-0.0,999595.5844069544,0.0
2017-10-02,0.0,1.1482430382613211,1.0593597086119224,0.0,0.0,0.0,999595.5844069544,0.0
2017-10-03,0.0,1.1497903167277834,0.6418317170835087,0.0,0.0,0.0,999595.5844069544,0.0
2017-10-04,0.0,1.1509702071622745,-1.1676230413650919,0.0,0.0,0.0,999595.5844069544,0.0
2017-10-05,0.0,1.1507676191452674,-0.7119940900670326,0.0,0.0,0.0,999595.5844069544,0.0
2017-10-06,0.0,1.1495270695991846,-0.9465243994900574,-0.0,0.0,-0.0,999595.5844069544,0.0
2017-10-09,0.0,1.1484279343691972,1.9557530423991827,0.0,0.0,0.0,999595.5844069544,0.0
2017-10-10,0.0,1.1521349586632637,1.1169243985893864,0.0,0.0,0.0,999595.5844069544,0.0
2017-10-11,0.0,1.1534465105298757,-0.3726587150029481,-0.0,0.0,-0.0,999595.5844069544,0.0
2017-10-12,0.0,1.1529371070675485,0.7219247888715741,0.0,0.0,0.0,999595.5844069544,0.0
2017-10-13,0.0,1.1536678538109444,-1.3706061013479733,-0.0,0.0,-0.0,999595.5844069544,0.0
2017-10-16,0.0,1.1513477513965389,-0.5794844276120266,0.0,0.0,0.0,999595.5844069544,0.0
2017-10-17,0.0,1.1508533376191685,0.1576419619458396,0.0,0.0,0.0,999595.5844069544,0.0
2017-10-18,0.0,1.1511312704410213,0.7224523495395658,0.0,0.0,0.0,999595.5844069544,0.0
2017-10-19,0.0,1.1513288748536148,0.05232276710063832,0.0,0.0,0.0,999595.5844069544,0.0
2017-10-20,0.0,1.1513719576212662,0.24387555731658614,0.0,0.0,0.0,999595.5844069544,0.0
2017-10-23,0.0,1.1519046282635141,0.22335261059493247,0.0,0.0,0.0,999595.5844069544,0.0
2017-10-24,0.0,1.1521025552536985,-0.08787835386700277,0.0,0.0,0.0,999595.5844069544,0.0
2017-10-25,0.0,1.1520114465707754,-0.215577941207237,0.0,0.0,0.0,999595.5844069544,0.0
2017-10-26,0.0,1.1518375223033988,-0.4697231444660406,0.0,0.0,0.0,999595.5844069544,0.0
2017-10-27,0.0,1.1512229005400862,0.49125134906875795,0.0,0.0,0.0,999595.5844069544,0.0
2017-10-30,0.0,1.1515104608424778,0.706690306907322,0.0,0.0,0.0,999595.5844069544,0.0
2017-10-31,0.0,1.152062122767867,0.32255972293985014,0.0,0.0,0.0,999595.5844069544,0.0
2017-11-01,0.0,1.1524579920734292,-1.4496405847395295,0.0,0.0,0.0,999595.5844069544,0.0
2017-11-02,0.0,1.1513285868980907,-1.261651326836853,-0.0,0.0,-0.0,999595.5844069544,0.0
2017-11-03,0.0,1.1496978608443413,0.5833502147060109,0.0,0.0,0.0,999595.5844069544,0.0
2017-11-06,0.0,1.1505690704432876,2.1290504786807176,0.0,0.0,0.0,999595.5844069544,0.0
2017-11-07,-1.0,1.1536050269757132,0.3371109913717191,-0.0004864717038907703,0.0007,-0.0011864717038907702,998409.5925307213,1.0
2017-11-08,0.0,1.153926933911812,-0.8469918403719149,0.0,0.0007,-0.0007,997710.7058159498,1.0
2017-11-09,0.0,1.1520829721072108,0.28604663111998874,0.0,0.0,0.0,997710.7058159498,0.0
2017-11-10,0.0,1.1524665354686545,-1.6857330820465952,-0.0,0.0,-0.0,997710.7058159498,0.0
2017-11-13,0.0,1.1508724614497632,2.0265346076249675,0.0,0.0,0.0,997710.7058159498,0.0
2017-11-14,-1.0,1.1518840914735264,0.3616887885188654,-0.0005562605744012057,0.0007,-0.0012562605744012058,996457.3211915753,1.0
2017-11-15,0.0,1.15221038880277,-1.0021489025550159,0.0,0.0007,-0.0007,995759.8010667411,1.0
2017-11-16,0.0,1.1507188839149916,-0.3174475583985851,0.0,0.0,0.0,995759.8010667411,0.0
2017-11-17,0.0,1.1530429933099777,-0.7854767436012408,0.0,0.0,0.0,995759.8010667411,0.0
2017-11-20,0.0,1.1517779348209727,1.6407006891087814,0.0,0.0,0.0,995759.8010667411,0.0
2017-11-21,0.0,1.1539963826850428,-0.0667866827914845,0.0,0.0,0.0,995759.8010667411,0.0
2017-11-22,0.0,1.1539654028525446,0.20365528983695758,0.0,0.0,0.0,995759.8010667411,0.0
2017-11-23,0.0,1.1542007537651653,0.8955364454667335,0.0,0.0,0.0,995759.8010667411,0.0
2017-11-24,0.0,1.1544786841260344,-0.7591637258963072,0.0,0.0,0.0,995759.8010667411,0.0
2017-11-27,0.0,1.1541322551171624,0.21873741785224307,0.0,0.0,0.0,995759.8010667411,0.0
2017-11-28,0.0,1.1544049374938017,0.31214706337615505,0.0,0.0,0.0,995759.8010667411,0.0
2017-11-29,0.0,1.1548204455050586,-1.8640696923161433,-0.0,0.0,-0.0,995759.8010667411,0.0
2017-11-30,0.0,1.152102468081977,0.31544024883684335,0.0,0.0,0.0,995759.8010667411,0.0
2017-12-01,0.0,1.1524868247129991,-0.051317822196097145,0.0,0.0,0.0,995759.8010667411,0.0
2017-12-04,0.0,1.152416085632755,0.3574684051487989,0.0,0.0,0.0,995759.8010667411,0.0
2017-12-05,0.0,1.1525838039560725,0.14894639771460433,0.0,0.0,0.0,995759.8010667411,0.0
2017-12-06,0.0,1.1527025559173276,0.543542645845385,0.0,0.0,0.0,995759.8010667411,0.0
2017-12-07,0.0,1.1529307054333033,1.9258874365518277,0.0,0.0,0.0,995759.8010667411,0.0
2017-12-08,0.0,1.1530140539668008,-1.5275945698323805,-0.0,0.0,-0.0,995759.8010667411,0.0
2017-12-11,0.0,1.150730038805057,-0.3442470584840285,0.0,0.0,0.0,995759.8010667411,0.0
2017-12-12,0.0,1.1505642683159356,0.8383135977170667,0.0,0.0,0.0,995759.8010667411,0.0
2017-12-13,0.0,1.1516987198194633,0.5349361223379335,0.0,0.0,0.0,995759.8010667411,0.0
2017-12-14,0.0,1.152535909009905,0.6996816627894289,0.0,0.0,0.0,995759.8010667411,0.0
2017-12-15,0.0,1.153001449407931,2.9136592254948868,0.0,0.0,0.0,995759.8010667411,0.0
2017-12-18,-1.0,1.157092328855898,0.7285294607562476,-0.0014137747883870913,0.0007,-0.0021137747883870914,993654.9891039568,1.0
2017-12-19,-1.0,1.1575606511688479,1.290347926548639,-0.002746813981628008,1.4087733852639618e-07,-0.0027469548589665344,990925.4637035014,0.00020125334075199452
2017-12-20,-1.0,1.1578893954645042,-0.44285047917729764,0.001021803134887399,9.885395913114548e-08,0.0010217042809282679,991937.896491848,0.0001412199416159221
2017-12-21,0.0,1.1574005690567446,-1.100376080627733,0.0,0.0007,-0.0007,991243.5399643037,1.0
2017-12-22,0.0,1.156397112508661,-0.3744055247698146,0.0,0.0,0.0,991243.5399643037,0.0
2017-12-25,0.0,1.1561022317125027,0.4292017885447318,0.0,0.0,0.0,991243.5399643037,0.0
2017-12-26,0.0,1.1571451530156065,0.45531456807384096,0.0,0.0,0.0,991243.5399643037,0.0
2017-12-27,0.0,1.1573664763548026,0.3102614748357954,0.0,0.0,0.0,991243.5399643037,0.0
2017-12-28,0.0,1.157747297834214,-0.23354177746045907,0.0,0.0,0.0,991243.5399643037,0.0
2017-12-29,0.0,1.1576416489797057,-0.669208619683986,0.0,0.0,0.0,991243.5399643037,0.0
2018-01-01,0.0,1.1565061373761034,-0.33478782286656894,-0.0,0.0,-0.0,991243.5399643037,0.0
2018-01-02,0.0,1.1560958087849966,0.6842748905405152,0.0,0.0,0.0,991243.5399643037,0.0
2018-01-03,0.0,1.1569072659130843,0.9535762279020553,0.0,0.0,0.0,991243.5399643037,0.0
2018-01-04,0.0,1.1573233611442464,-1.1290953481907888,0.0,0.0,0.0,991243.5399643037,0.0
2018-01-05,0.0,1.156616512632633,0.698322840545941,0.0,0.0,0.0,991243.5399643037,0.0
2018-01-08,0.0,1.1575505146108018,-1.0259202562688243,0.0,0.0,0.0,991243.5399643037,0.0
2018-01-09,0.0,1.1555938791872369,0.3468925198668386,0.0,0.0,0.0,991243.5399643037,0.0
2018-01-10,0.0,1.1560775383987805,-0.2185247414692288,0.0,0.0,0.0,991243.5399643037,0.0
2018-01-11,0.0,1.1559485272832237,1.5465438611131037,0.0,0.0,0.0,991243.5399643037,0.0
2018-01-12,0.0,1.1579967780717497,-1.0094203999868787,0.0,0.0,0.0,991243.5399643037,0.0
2018-01-15,0.0,1.1561421532545626,0.04850442379228116,0.0,0.0,0.0,991243.5399643037,0.0
2018-01-16,0.0,1.1561876983212844,0.4476952448023569,0.0,0.0,0.0,991243.5399643037,0.0
2018-01-17,0.0,1.156858722288128,-1.3026630566400303,0.0,0.0,0.0,991243.5399643037,0.0
2018-01-18,0.0,1.1561496280746886,-0.2976318798311556,-0.0,0.0,-0.0,991243.5399643037,0.0
2018-01-19,0.0,1.15591201077763,-0.5990994165539815,-0.0,0.0,-0.0,991243.5399643037,0.0
2018-01-22,0.0,1.155371091552667,-1.003610641285961,-0.0,0.0,-0.0,991243.5399643037,0.0
2018-01-23,0.0,1.15430885964471,-0.6718173623293675,0.0,0.0,0.0,991243.5399643037,0.0
2018-01-24,0.0,1.153981466513588,1.5508011624324016,0.0,0.0,0.0,991243.5399643037,0.0
2018-01-25,0.0,1.154932807478533,-1.0314074816721712,-0.0,0.0,-0.0,991243.5399643037,0.0
2018-01-26,0.0,1.153642805561907,0.5066393988261784,0.0,0.0,0.0,991243.5399643037,0.0
2018-01-29,0.0,1.1543471582152909,0.12323334662770083,0.0,0.0,0.0,991243.5399643037,0.0
2018-01-30,0.0,1.1545334171015909,-2.05296931058082,-0.0,0.0,-0.0,991243.5399643037,0.0
2018-01-31,1.0,1.1511095592357994,0.5378434315981581,0.001023889321972519,0.0007,0.000323889321972519,991564.5931623725,1.0
2018-02-01,1.0,1.1516816134623549,-1.7878204866302443,-0.00326895424077068,1.7303130984336889e-07,-0.003269127272080523,988323.0423088359,0.000247187585490527
2018-02-02,1.0,1.150339178325634,0.5889992346777289,0.001138628939999783,4.0619668059659887e-07,0.0011382227433191863,989447.9740733383,0.0005802809722808555
2018-02-05,1.0,1.1512494785992302,-0.7476983880631571,-0.0013537081444461889,2.7549578787555706e-07,-0.0013539836402340643,988108.2777035802,0.0003935654112507958
2018-02-06,1.0,1.150366428184706,0.07261151916533656,0.0001533873770400904,2.672454286684722e-07,0.00015312013161142193,988259.5769731085,0.0003817791838121032
2018-02-07,0.0,1.1504063644956943,-1.5241798974559515,0.0,0.0007,-0.0007,987567.7952692274,1.0
2018-02-08,0.0,1.1496879130859858,0.12235163342148027,0.0,0.0,0.0,987567.7952692274,0.0
2018-02-09,0.0,1.1498112621144383,1.3098330898519832,0.0,0.0,0.0,987567.7952692274,0.0
2018-02-12,0.0,1.1507774416604368,-1.0573371883004254,-0.0,0.0,-0.0,987567.7952692274,0.0
2018-02-13,0.0,1.1498215660840294,-0.9200933355340338,0.0,0.0,0.0,987567.7952692274,0.0
2018-02-14,0.0,1.148613472210953,0.5666695413157794,0.0,0.0,0.0,987567.7952692274,0.0
2018-02-15,0.0,1.149267789415484,0.5254785273341329,0.0,0.0,0.0,987567.7952692274,0.0
2018-02-16,0.0,1.1500211410087242,-2.5484439708253124,0.0,0.0,0.0,987567.7952692274,0.0
2018-02-19,1.0,1.1495332620387562,1.9831104359207616,0.0048577903614016645,0.0007,0.004157790361401664,991673.8951296284,1.0
2018-02-20,1.0,1.1520626807127121,0.5050763873415717,0.0011292393076277063,7.655078877172483e-07,0.001128473799739989,992792.9731381682,0.0010935826967389262
2018-02-21,1.0,1.1528690910771435,0.8205225203286098,0.0019131862506583557,2.436753494900301e-07,0.0019129425753088656,994692.1290849516,0.00034810764212861445
2018-02-22,1.0,1.1531174946674052,-0.13250887180982376,-0.0003468515490433757,7.502405813204493e-08,-0.00034692657310150777,994347.0439533171,0.00010717722590292134
2018-02-23,0.0,1.1529730090348365,-1.6963074308365125,0.0,0.0007,-0.0007,993651.0010225498,1.0
2018-02-26,0.0,1.1514056876657235,0.6178268704795435,0.0,0.0,0.0,993651.0010225498,0.0
2018-02-27,0.0,1.1522326935893843,-0.6489791048142985,0.0,0.0,0.0,993651.0010225498,0.0
2018-02-28,0.0,1.1507636350417363,0.4175082337847533,0.0,0.0,0.0,993651.0010225498,0.0
2018-03-01,0.0,1.1516585114608942,-0.09057606123379373,0.0,0.0,0.0,993651.0010225498,0.0
2018-03-02,0.0,1.1516111760038317,0.2226389501023388,0.0,0.0,0.0,993651.0010225498,0.0
2018-03-05,0.0,1.1519239919998725,-0.7703582514010863,-0.0,0.0,-0.0,993651.0010225498,0.0
2018-03-06,0.0,1.1508879076038818,0.8325857213801179,0.0,0.0,0.0,993651.0010225498,0.0
2018-03-07,0.0,1.1520555187343569,-1.1582977584765273,-0.0,0.0,-0.0,993651.0010225498,0.0
2018-03-08,0.0,1.150373305006671,1.9297802065851999,0.0,0.0,0.0,993651.0010225498,0.0
2018-03-09,0.0,1.1535505466805018,1.7098492786154265,0.0,0.0,0.0,993651.0010225498,0.0
2018-03-12,0.0,1.1575594459349825,1.1509764408510372,0.0,0.0,0.0,993651.0010225498,0.0
2018-03-13,0.0,1.160093051968606,0.9954630226220444,0.0,0.0,0.0,993651.0010225498,0.0
2018-03-14,0.0,1.1609028112167383,-0.2497373663692969,0.0,0.0,0.0,993651.0010225498,0.0
2018-03-15,0.0,1.1604063649306045,0.6989634101070149,0.0,0.0,0.0,993651.0010225498,0.0
2018-03-16,0.0,1.1617829302609362,-0.29099813007446595,0.0,0.0,0.0,993651.0010225498,0.0
2018-03-19,0.0,1.1613092897896917,-1.5683282671778869,-0.0,0.0,-0.0,993651.0010225498,0.0
2018-03-20,0.0,1.158238678740571,1.0578976174210375,0.0,0.0,0.0,993651.0010225498,0.0
2018-03-21,0.0,1.1600093525309114,0.7989735070363244,0.0,0.0,0.0,993651.0010225498,0.0
2018-03-22,0.0,1.1611175212207234,-0.19973565291437906,-0.0,0.0,-0.0,993651.0010225498,0.0
2018-03-23,0.0,1.160815418071361,-1.0424812967398585,0.0,0.0,0.0,993651.0010225498,0.0
2018-03-26,0.0,1.160611395444798,-0.6395375617479452,0.0,0.0,0.0,993651.0010225498,0.0
2018-03-27,0.0,1.159835517735603,-1.5461782516337221,0.0,0.0,0.0,993651.0010225498,0.0
2018-03-28,0.0,1.1581624356541553,0.7702254927073574,0.0,0.0,0.0,993651.0010225498,0.0
2018-03-29,0.0,1.158673163503528,-1.3469356786958848,-0.0,0.0,-0.0,993651.0010225498,0.0
2018-03-30,0.0,1.155892999646447,0.1655964951312599,0.0,0.0,0.0,993651.0010225498,0.0
2018-04-02,0.0,1.1561323543437891,-0.6962047123459316,-0.0,0.0,-0.0,993651.0010225498,0.0
2018-04-03,0.0,1.1549827834819664,-1.0828432043732592,0.0,0.0,0.0,993651.0010225498,0.0
2018-04-04,0.0,1.1535343373106437,0.13385263698961206,0.0,0.0,0.0,993651.0010225498,0.0
2018-04-05,0.0,1.1537932744227952,-0.33433770745707064,0.0,0.0,0.0,993651.0010225498,0.0
2018-04-06,0.0,1.153135315737469,0.8439162355740107,0.0,0.0,0.0,993651.0010225498,0.0
2018-04-09,0.0,1.1537311846785554,-1.17195075665877,0.0,0.0,0.0,993651.0010225498,0.0
2018-04-10,0.0,1.1523494367188603,-0.8106904702777143,-0.0,0.0,-0.0,993651.0010225498,0.0
2018-04-11,0.0,1.151055349298998,-2.0466378438235977,0.0,0.0,0.0,993651.0010225498,0.0
2018-04-12,1.0,1.1507888030084255,-1.9734645950635816,-0.004813841151111858,0.0007,-0.0055138411511118585,988172.1672432682,1.0
2018-04-13,1.0,1.1480156277170637,1.5968658484317764,0.004639110013591891,8.403692526950556e-07,0.004638269644339195,992755.5762099735,0.0012005275038500796
2018-04-16,1.0,1.1503515050414475,1.6835355474303273,0.005119042180686788,7.079966006615424e-07,0.005118334184086127,997836.8310121312,0.0010114237152307748
2018-04-17,1.0,1.1529593362791801,0.17814794106505363,0.0004325819718126423,7.886099174798045e-07,0.0004317933618951625,998267.6903320167,0.0011265855963997207
2018-04-18,0.0,1.1531728037465006,-0.5983657897434289,0.0,0.0007,-0.0007,997568.9029487842,1.0
2018-04-19,0.0,1.152332992632466,-0.31122079237445294,0.0,0.0,0.0,997568.9029487842,0.0
2018-04-20,0.0,1.151436575482913,0.7499497199592988,0.0,0.0,0.0,997568.9029487842,0.0
2018-04-23,0.0,1.152445017382256,-0.3532685640175934,-0.0,0.0,-0.0,997568.9029487842,0.0
2018-04-24,0.0,1.1518596984946003,0.11677272860205122,0.0,0.0,0.0,997568.9029487842,0.0
2018-04-25,0.0,1.152177810933157,0.0808064930115436,0.0,0.0,0.0,997568.9029487842,0.0
2018-04-26,0.0,1.1522626921807428,-0.5430280498605854,0.0,0.0,0.0,997568.9029487842,0.0
2018-04-27,0.0,1.150956810595862,-0.37633090487587134,0.0,0.0,0.0,997568.9029487842,0.0
2018-04-30,0.0,1.1504963759248483,0.197353906204249,0.0,0.0,0.0,997568.9029487842,0.0
2018-05-01,0.0,1.150982514513829,-0.8176778409858291,-0.0,0.0,-0.0,997568.9029487842,0.0
2018-05-02,0.0,1.1495575257015616,0.42887577514072583,0.0,0.0,0.0,997568.9029487842,0.0
2018-05-03,0.0,1.1502592157738836,-0.3154335841363821,0.0,0.0,0.0,997568.9029487842,0.0
2018-05-04,0.0,1.149854169476667,0.23036517595974607,0.0,0.0,0.0,997568.9029487842,0.0
2018-05-07,0.0,1.1500756958292466,1.2698384279219646,0.0,0.0,0.0,997568.9029487842,0.0
2018-05-08,0.0,1.1516568133397362,-0.1473677223080555,0.0,0.0,0.0,997568.9029487842,0.0
2018-05-09,0.0,1.1513783424609343,0.92391928129944,0.0,0.0,0.0,997568.9029487842,0.0
2018-05-10,0.0,1.152414468145463,-1.7096581900585848,0.0,0.0,0.0,997568.9029487842,0.0
2018-05-11,0.0,1.1573783418125132,-0.45003359720234903,0.0,0.0,0.0,997568.9029487842,0.0
2018-05-14,0.0,1.156961552485106,0.042573768396162524,0.0,0.0,0.0,997568.9029487842,0.0
2018-05-15,0.0,1.1570125163862013,2.237133797464107,0.0,0.0,0.0,997568.9029487842,0.0
2018-05-16,-1.0,1.1600323929299117,-1.9473354866265145,0.004134072420576462,0.0006999999999999999,0.0034340724205764615,1000994.6268060253,0.9999999999999999
2018-05-17,-1.0,1.1585492279947276,-0.011298280930690612,-5.208666733252877e-05,4.453436490464202e-07,-5.253201098157519e-05,1000942.0425452975,0.0006362052129234574
2018-05-18,0.0,1.1585397909181963,1.5520439366891856,0.0,0.0007,-0.0007,1000241.3831155157,1.0
2018-05-21,0.0,1.160472166638935,-0.8473031976007991,0.0,0.0,0.0,1000241.3831155157,0.0
2018-05-22,0.0,1.1589334993983922,-0.2641048751129325,0.0,0.0,0.0,1000241.3831155157,0.0
2018-05-23,0.0,1.1584896410199599,0.4883407215372699,0.0,0.0,0.0,1000241.3831155157,0.0
2018-05-24,0.0,1.1587559300837447,0.2841429768722508,0.0,0.0,0.0,1000241.3831155157,0.0
2018-05-25,0.0,1.159009043588227,1.6083464388396345,0.0,0.0,0.0,1000241.3831155157,0.0
2018-05-28,0.0,1.1601656525868045,0.45468672786649655,0.0,0.0,0.0,1000241.3831155157,0.0
2018-05-29,0.0,1.160687058348735,1.1305732544077305,0.0,0.0,0.0,1000241.3831155157,0.0
2018-05-30,0.0,1.1627854220593126,-0.23981954039302472,0.0,0.0,0.0,1000241.3831155157,0.0
2018-05-31,0.0,1.1626752575232395,-0.58086245796559,0.0,0.0,0.0,1000241.3831155157,0.0
2018-06-01,0.0,1.162540208353321,-0.18987353961098388,0.0,0.0,0.0,1000241.3831155157,0.0
2018-06-04,0.0,1.1623774856751816,-1.1437263249702303,-0.0,0.0,-0.0,1000241.3831155157,0.0
2018-06-05,0.0,1.1608650682617438,0.42284930602969373,0.0,0.0,0.0,1000241.3831155157,0.0
2018-06-06,0.0,1.1614674427792855,-0.3961013181105367,-0.0,0.0,-0.0,1000241.3831155157,0.0
2018-06-07,0.0,1.1609107282666775,-0.7623487348728719,-0.0,0.0,-0.0,1000241.3831155157,0.0
2018-06-08,0.0,1.1597399240877757,0.7047997649627006,0.0,0.0,0.0,1000241.3831155157,0.0
2018-06-11,0.0,1.1598809976323345,-1.1699406705295405,-0.0,0.0,-0.0,1000241.3831155157,0.0
2018-06-12,0.0,1.158043084205966,0.9075513545905338,0.0,0.0,0.0,1000241.3831155157,0.0
2018-06-13,0.0,1.1588017845140115,-0.6129682158378901,0.0,0.0,0.0,1000241.3831155157,0.0
2018-06-14,0.0,1.1579729926318358,1.4866622951441342,0.0,0.0,0.0,1000241.3831155157,0.0
2018-06-15,0.0,1.1585571913661408,-0.44629069043318154,-0.0,0.0,-0.0,1000241.3831155157,0.0
2018-06-18,0.0,1.1581240779506428,0.7871230148351224,0.0,0.0,0.0,1000241.3831155157,0.0
2018-06-19,0.0,1.1588721325548308,0.097491107251606,0.0,0.0,0.0,1000241.3831155157,0.0
2018-06-20,0.0,1.1590105522252636,1.0859065014796268,0.0,0.0,0.0,1000241.3831155157,0.0
2018-06-21,0.0,1.1592728075427086,0.11546655113015253,0.0,0.0,0.0,1000241.3831155157,0.0
2018-06-22,0.0,1.1593808829429118,-1.9416538688921805,0.0,0.0,0.0,1000241.3831155157,0.0
2018-06-25,0.0,1.1583856356520281,1.0895164845440077,0.0,0.0,0.0,1000241.3831155157,0.0
2018-06-26,0.0,1.1598538767996034,-0.19941230751176564,0.0,0.0,0.0,1000241.3831155157,0.0
2018-06-27,0.0,1.159602581648353,0.8245765614988645,0.0,0.0,0.0,1000241.3831155157,0.0
2018-06-28,0.0,1.160743335909667,0.8569568765335721,0.0,0.0,0.0,1000241.3831155157,0.0
2018-06-29,0.0,1.161414172494461,-1.0940779477043168,0.0,0.0,0.0,1000241.3831155157,0.0
2018-07-02,0.0,1.1597782369037173,-1.2447495833610618,-0.0,0.0,-0.0,1000241.3831155157,0.0
2018-07-03,0.0,1.1580879539705282,0.9297130328323675,0.0,0.0,0.0,1000241.3831155157,0.0
2018-07-04,0.0,1.1583182021027036,-0.41714874536789376,0.0,0.0,0.0,1000241.3831155157,0.0
2018-07-05,0.0,1.1578304748260764,0.992940814582119,0.0,0.0,0.0,1000241.3831155157,0.0
2018-07-06,0.0,1.1591242549112901,-0.20035687156102908,0.0,0.0,0.0,1000241.3831155157,0.0
2018-07-09,0.0,1.1589592076463733,1.3740634157708727,0.0,0.0,0.0,1000241.3831155157,0.0
2018-07-10,0.0,1.1594466730290607,0.33591700310088424,0.0,0.0,0.0,1000241.3831155157,0.0
2018-07-11,0.0,1.1598984892631408,0.4596267987016104,0.0,0.0,0.0,1000241.3831155157,0.0
2018-07-12,0.0,1.1600579943277534,-0.5621511106032493,0.0,0.0,0.0,1000241.3831155157,0.0
2018-07-13,0.0,1.159632438368948,0.19579936999350078,0.0,0.0,0.0,1000241.3831155157,0.0
2018-07-16,0.0,1.1598067466330715,1.3814189219943904,0.0,0.0,0.0,1000241.3831155157,0.0
2018-07-17,0.0,1.1613376048601654,-0.07171948646935385,0.0,0.0,0.0,1000241.3831155157,0.0
2018-07-18,0.0,1.1612968451917771,0.700640888150819,0.0,0.0,0.0,1000241.3831155157,0.0
2018-07-19,0.0,1.1616471840645135,-0.07884483534808553,-0.0,0.0,-0.0,1000241.3831155157,0.0
2018-07-20,0.0,1.1615798182607826,-0.11114374588772785,0.0,0.0,0.0,1000241.3831155157,0.0
2018-07-23,0.0,1.1614732142816282,2.04541226839242,0.0,0.0,0.0,1000241.3831155157,0.0
2018-07-24,-1.0,1.1644574974382875,1.7912653780843095,-0.002645007332581349,0.0007,-0.0033450073325813493,996895.568354643,1.0
2018-07-25,-1.0,1.1648455871818768,-0.19667202329162978,0.0003479744491539166,1.1595359399675375e-07,0.00034785849555991986,997242.346947281,0.00016564799142393394
2018-07-26,0.0,1.164664897824368,0.20749149031745143,0.0,0.0006999999999999999,-0.0006999999999999999,996544.2773044179,0.9999999999999999
2018-07-27,0.0,1.164754387396689,-1.4277375527832308,-0.0,0.0,-0.0,996544.2773044179,0.0
2018-07-30,0.0,1.1631791770608557,-0.4382288555193103,0.0,0.0,0.0,996544.2773044179,0.0
2018-07-31,0.0,1.1629497340261135,0.37459901308847326,0.0,0.0,0.0,996544.2773044179,0.0
2018-08-01,0.0,1.1631263793628732,1.2524258755851865,0.0,0.0,0.0,996544.2773044179,0.0
2018-08-02,0.0,1.1637197284011775,0.9915186548231282,0.0,0.0,0.0,996544.2773044179,0.0
2018-08-03,0.0,1.16433671374948,-1.8736093543706545,-0.0,0.0,-0.0,996544.2773044179,0.0
2018-08-06,0.0,1.1627015551635875,1.0947391371317716,0.0,0.0,0.0,996544.2773044179,0.0
2018-08-07,0.0,1.1636931338796548,-0.33840583033395455,0.0,0.0,0.0,996544.2773044179,0.0
2018-08-08,0.0,1.1634519967181614,-1.3323790443848005,0.0,0.0,0.0,996544.2773044179,0.0
2018-08-09,0.0,1.163157230919803,1.4842353880890804,0.0,0.0,0.0,996544.2773044179,0.0
2018-08-10,0.0,1.1647076547234125,1.642967936607854,0.0,0.0,0.0,996544.2773044179,0.0
2018-08-13,0.0,1.1661765480617803,-0.0758411680365295,0.0,0.0,0.0,996544.2773044179,0.0
2018-08-14,0.0,1.166079020033409,0.7021714838400307,0.0,0.0,0.0,996544.2773044179,0.0
2018-08-15,0.0,1.1665708776989447,0.8818303650289003,0.0,0.0,0.0,996544.2773044179,0.0
2018-08-16,0.0,1.1669438654608457,1.4186343330617228,0.0,0.0,0.0,996544.2773044179,0.0
2018-08-17,0.0,1.168257221060781,0.3379955812872867,0.0,0.0,0.0,996544.2773044179,0.0
2018-08-20,0.0,1.1687527719163466,-1.8736000110413429,-0.0,0.0,-0.0,996544.2773044179,0.0
2018-08-21,0.0,1.166697010643122,1.8745436991101292,0.0,0.0,0.0,996544.2773044179,0.0
2018-08-22,0.0,1.168681344636952,0.9312535662745379,0.0,0.0,0.0,996544.2773044179,0.0
2018-08-23,0.0,1.1694246425132253,-1.0885110599266563,0.0,0.0,0.0,996544.2773044179,0.0
2018-08-24,0.0,1.1673584197494722,-1.2473353263914242,0.0,0.0,0.0,996544.2773044179,0.0
2018-08-27,0.0,1.1664937273465104,0.32796481035827085,0.0,0.0,0.0,996544.2773044179,0.0
2018-08-28,0.0,1.1667296059114596,-0.6057899817344501,-0.0,0.0,-0.0,996544.2773044179,0.0
2018-08-29,0.0,1.1659254974581412,0.3096607015181069,0.0,0.0,0.0,996544.2773044179,0.0
2018-08-30,0.0,1.1659929157441986,0.340918755718952,0.0,0.0,0.0,996544.2773044179,0.0
2018-08-31,0.0,1.1665618828540767,-0.9314183499242474,-0.0,0.0,-0.0,996544.2773044179,0.0
2018-09-03,0.0,1.1654011722317814,-1.4761408827408695,-0.0,0.0,-0.0,996544.2773044179,0.0
2018-09-04,0.0,1.16321913133331,0.1526054775533515,0.0,0.0,0.0,996544.2773044179,0.0
2018-09-05,0.0,1.1633918597866681,-0.7689910317304939,-0.0,0.0,-0.0,996544.2773044179,0.0
2018-09-06,0.0,1.1625039446743208,0.07656093347585421,0.0,0.0,0.0,996544.2773044179,0.0
2018-09-07,0.0,1.162547170172368,-1.605617750800621,0.0,0.0,0.0,996544.2773044179,0.0
2018-09-10,0.0,1.1609202111258763,-0.3665007473981133,0.0,0.0,0.0,996544.2773044179,0.0
2018-09-11,0.0,1.1606461013710507,0.5640701792622561,0.0,0.0,0.0,996544.2773044179,0.0
2018-09-12,0.0,1.1613651516607202,0.38728464275344915,0.0,0.0,0.0,996544.2773044179,0.0
2018-09-13,0.0,1.161945546660609,-1.1810694049827724,-0.0,0.0,-0.0,996544.2773044179,0.0
2018-09-14,0.0,1.160175217564263,-1.5159138681860118,-0.0,0.0,-0.0,996544.2773044179,0.0
2018-09-17,0.0,1.1580848995084958,-0.23591181441630407,0.0,0.0,0.0,996544.2773044179,0.0
2018-09-18,0.0,1.1577515209330695,0.6483562766875987,0.0,0.0,0.0,996544.2773044179,0.0
2018-09-19,0.0,1.1582456201375382,0.4560974058283592,0.0,0.0,0.0,996544.2773044179,0.0
2018-09-20,0.0,1.1585828083779979,-0.8886495355408166,-0.0,0.0,-0.0,996544.2773044179,0.0
2018-09-21,0.0,1.157815172095311,0.3415324551900762,0.0,0.0,0.0,996544.2773044179,0.0
2018-09-24,0.0,1.1580309876595123,1.7320915936612662,0.0,0.0,0.0,996544.2773044179,0.0
2018-09-25,0.0,1.1598468560603414,0.3042104269390333,0.0,0.0,0.0,996544.2773044179,0.0
2018-09-26,0.0,1.1599570562692554,-2.0165588090656157,0.0,0.0,0.0,996544.2773044179,0.0
2018-09-27,1.0,1.1586975152655137,0.016644083486201947,9.790990151565724e-05,0.0007,-0.0006020900984843428,995944.2678623518,1.0
2018-09-28,0.0,1.1587172631208467,1.9267848989927159,0.0,0.0007,-0.0007,995247.106874848,1.0
2018-10-01,0.0,1.1617728370061886,-1.3561637717478772,0.0,0.0,0.0,995247.106874848,0.0
2018-10-02,0.0,1.161103810131978,-0.2134789408753005,0.0,0.0,0.0,995247.106874848,0.0
2018-10-03,0.0,1.1607996179689024,-0.29391697227872077,0.0,0.0,0.0,995247.106874848,0.0
2018-10-04,0.0,1.1605777057691684,0.004501424492342413,0.0,0.0,0.0,995247.106874848,0.0
2018-10-05,0.0,1.1605821045138611,-0.016779045550960773,0.0,0.0,0.0,995247.106874848,0.0
2018-10-08,0.0,1.1605586430547878,1.0981374723383424,0.0,0.0,0.0,995247.106874848,0.0
2018-10-09,0.0,1.1619005085622358,-0.12938354633513333,0.0,0.0,0.0,995247.106874848,0.0
2018-10-10,0.0,1.1617303741640448,1.0554193384537038,0.0,0.0,0.0,995247.106874848,0.0
2018-10-11,0.0,1.1634932586051199,-0.22615992363920737,0.0,0.0,0.0,995247.106874848,0.0
2018-10-12,0.0,1.1633215003265518,-0.4698934403416103,0.0,0.0,0.0,995247.106874848,0.0
2018-10-15,0.0,1.1630905438570085,-0.8520128175740123,0.0,0.0,0.0,995247.106874848,0.0
2018-10-16,0.0,1.162620178644703,-2.049191546871709,0.0,0.0,0.0,995247.106874848,0.0
2018-10-17,1.0,1.160842538629323,0.4316476701010702,0.0009377371152924697,0.0007,0.0002377371152924697,995483.7140510397,1.0
2018-10-18,0.0,1.1608732510475366,1.971956033990825,0.0,0.0007,-0.0007,994786.8754512039,1.0
2018-10-19,0.0,1.1628378229754022,0.41521735604772886,0.0,0.0,0.0,994786.8754512039,0.0
2018-10-22,0.0,1.1632063512500763,0.4668941356102959,0.0,0.0,0.0,994786.8754512039,0.0
2018-10-23,0.0,1.1639096913331308,-0.608336724967706,-0.0,0.0,-0.0,994786.8754512039,0.0
2018-10-24,0.0,1.1630761213517653,-0.34379491305225185,0.0,0.0,0.0,994786.8754512039,0.0
2018-10-25,0.0,1.162817970575668,0.8662467520797347,0.0,0.0,0.0,994786.8754512039,0.0
2018-10-26,0.0,1.1638530742620228,1.8943180713708065,0.0,0.0,0.0,994786.8754512039,0.0
2018-10-29,0.0,1.1664043283626397,1.4878236061779713,0.0,0.0,0.0,994786.8754512039,0.0
2018-10-30,0.0,1.1675115855734362,0.7281249065308115,0.0,0.0,0.0,994786.8754512039,0.0
2018-10-31,0.0,1.1680113842181938,0.08895116258492257,0.0,0.0,0.0,994786.8754512039,0.0
2018-11-01,0.0,1.1680119808055232,0.11910196396003682,0.0,0.0,0.0,994786.8754512039,0.0
2018-11-02,0.0,1.1795735214791292,-0.9471476482372846,0.0,0.0,0.0,994786.8754512039,0.0
2018-11-05,0.0,1.17892270451998,-1.641435315008739,0.0,0.0,0.0,994786.8754512039,0.0
2018-11-06,0.0,1.1771371333493148,-1.169874017074986,0.0,0.0,0.0,994786.8754512039,0.0
2018-11-07,0.0,1.176231869195069,-0.010197897546763328,0.0,0.0,0.0,994786.8754512039,0.0
2018-11-08,0.0,1.1762243645045862,-0.24316497600890338,0.0,0.0,0.0,994786.8754512039,0.0
2018-11-09,0.0,1.176132385693689,-1.4857934973708995,-0.0,0.0,-0.0,994786.8754512039,0.0
2018-11-12,0.0,1.1742441968281538,-0.16523118303945686,0.0,0.0,0.0,994786.8754512039,0.0
2018-11-13,0.0,1.174008451807061,-0.40627379149279996,-0.0,0.0,-0.0,994786.8754512039,0.0
2018-11-14,0.0,1.1735286107620202,-1.2083226487117884,0.0,0.0,0.0,994786.8754512039,0.0
2018-11-15,0.0,1.1721868525017523,-0.2873917803308735,0.0,0.0,0.0,994786.8754512039,0.0
2018-11-16,0.0,1.1720999736203057,-0.3032689936956197,0.0,0.0,0.0,994786.8754512039,0.0
2018-11-19,0.0,1.1718890666822126,-0.6737265385112032,0.0,0.0,0.0,994786.8754512039,0.0
2018-11-20,0.0,1.171323851740586,1.0962738282765077,0.0,0.0,0.0,994786.8754512039,0.0
2018-11-21,0.0,1.1722047572654644,-1.9582479124438048,-0.0,0.0,-0.0,994786.8754512039,0.0
2018-11-22,0.0,1.1695852500185702,-2.032532007527321,-0.0,0.0,-0.0,994786.8754512039,0.0
2018-11-23,1.0,1.1654521181968835,0.02644121348786252,0.00014616795359926617,0.0007,-0.0005538320464007338,994235.9306002401,1.0
2018-11-26,0.0,1.1654893166844835,0.3289897657066802,0.0,0.0007,-0.0007,993539.9654488199,1.0
2018-11-27,0.0,1.1656802947857559,0.5473711792092962,0.0,0.0,0.0,993539.9654488199,0.0
2018-11-28,0.0,1.1663775360127524,-0.627252692653457,0.0,0.0,0.0,993539.9654488199,0.0
2018-11-29,0.0,1.1655363552711067,-0.9434232653654785,0.0,0.0,0.0,993539.9654488199,0.0
2018-11-30,0.0,1.1649942371413449,0.0338694940085467,0.0,0.0,0.0,993539.9654488199,0.0
2018-12-03,0.0,1.165040645133598,-0.3993052116621177,0.0,0.0,0.0,993539.9654488199,0.0
2018-12-04,0.0,1.1646955562812626,1.9411929499715406,0.0,0.0,0.0,993539.9654488199,0.0
2018-12-05,0.0,1.1657665353879119,-0.296643029603213,0.0,0.0,0.0,993539.9654488199,0.0
2018-12-06,0.0,1.165355219049264,0.008759303705310697,0.0,0.0,0.0,993539.9654488199,0.0
2018-12-07,0.0,1.165365680166292,2.3951788833784553,0.0,0.0,0.0,993539.9654488199,0.0
2018-12-10,-1.0,1.1680235657180684,-0.13205654249006402,0.00043189143535028,0.0006999999999999999,-0.00026810856464971986,993273.5888747612,0.9999999999999999
2018-12-11,0.0,1.1678529320165834,0.579977698200849,0.0,0.0006999999999999999,-0.0006999999999999999,992578.2973625489,0.9999999999999999
2018-12-12,0.0,1.1683492826090556,0.5282676539866678,0.0,0.0,0.0,992578.2973625489,0.0
2018-12-13,0.0,1.1692726574803503,0.6633092444849884,0.0,0.0,0.0,992578.2973625489,0.0
2018-12-14,0.0,1.1701014090542348,0.23044294334857207,0.0,0.0,0.0,992578.2973625489,0.0
2018-12-17,0.0,1.170400720334094,0.11241824353103316,0.0,0.0,0.0,992578.2973625489,0.0
2018-12-18,0.0,1.170556096940617,0.17596552805059776,0.0,0.0,0.0,992578.2973625489,0.0
2018-12-19,0.0,1.1706406735378259,-0.5797332636401776,0.0,0.0,0.0,992578.2973625489,0.0
2018-12-20,0.0,1.1702278942260491,0.6500011931910535,0.0,0.0,0.0,992578.2973625489,0.0
2018-12-21,0.0,1.1701970220011937,2.2184123494782404,0.0,0.0,0.0,992578.2973625489,0.0
2018-12-24,-1.0,1.1731431816036526,1.4603921980587593,-0.0028106797530744066,0.0007,-0.0035106797530744067,989093.6728306571,1.0
2018-12-25,-1.0,1.173676958502891,0.1923337446956959,-0.0003279371501618176,1.5819926697123732e-07,-0.00032809534942878884,988769.1557964518,0.0002259989528160533
2018-12-26,0.0,1.1738868471885116,0.7436470201169724,0.0,0.0007,-0.0007,988077.0173873943,1.0
2018-12-27,0.0,1.1748293231072937,-1.168084712903307,-0.0,0.0,-0.0,988077.0173873943,0.0
2018-12-28,0.0,1.173535654410676,-0.36212207640149946,0.0,0.0,0.0,988077.0173873943,0.0
2018-12-31,0.0,1.1732921655167938,0.9441273544900418,0.0,0.0,0.0,988077.0173873943,0.0
2019-01-01,0.0,1.174187100990195,1.3603347613162546,0.0,0.0,0.0,988077.0173873943,0.0
2019-01-02,0.0,1.1765096283717758,-1.2534844233270084,0.0,0.0,0.0,988077.0173873943,0.0
2019-01-03,0.0,1.1741380375431842,-0.8288448340869531,0.0,0.0,0.0,988077.0173873943,0.0
2019-01-04,0.0,1.1727853803774793,2.2436431335160623,0.0,0.0,0.0,988077.0173873943,0.0
2019-01-07,-1.0,1.175419833354472,0.033790998217954775,1.5782268183806318e-05,0.0006999999999999999,-0.0006842177318161936,987400.9575716978,0.9999999999999998
2019-01-08,0.0,1.1754417826319086,1.6560968372986338,0.0,0.0006999999999999999,-0.0006999999999999999,986709.7769013975,0.9999999999999998
2019-01-09,0.0,1.1777440348978472,-0.038018807691866906,0.0,0.0,0.0,986709.7769013975,0.0
2019-01-10,0.0,1.1777011231163568,-0.09024424622258422,0.0,0.0,0.0,986709.7769013975,0.0
2019-01-11,0.0,1.1775806972710754,-0.5480717889368799,0.0,0.0,0.0,986709.7769013975,0.0
2019-01-14,0.0,1.177057169529978,0.7363562693727096,0.0,0.0,0.0,986709.7769013975,0.0
2019-01-15,0.0,1.1778402406647783,1.1758208323546342,0.0,0.0,0.0,986709.7769013975,0.0
2019-01-16,0.0,1.1790027675059298,-1.3516654349063866,-0.0,0.0,-0.0,986709.7769013975,0.0
2019-01-17,0.0,1.1769492689395642,-0.6355656014112363,-0.0,0.0,-0.0,986709.7769013975,0.0
2019-01-18,0.0,1.1760813521795805,0.7259852795904713,0.0,0.0,0.0,986709.7769013975,0.0
2019-01-21,0.0,1.1767787282739064,-0.20508330780978146,0.0,0.0,0.0,986709.7769013975,0.0
2019-01-22,0.0,1.176687640635073,-0.9852836545776186,0.0,0.0,0.0,986709.7769013975,0.0
2019-01-23,0.0,1.174789970195072,0.5011103758856491,0.0,0.0,0.0,986709.7769013975,0.0
2019-01-24,0.0,1.1758742412681145,0.838554735444946,0.0,0.0,0.0,986709.7769013975,0.0
2019-01-25,0.0,1.1769802094304236,-0.5426798193493453,0.0,0.0,0.0,986709.7769013975,0.0
2019-01-28,0.0,1.1767360987773816,0.01974008573370336,0.0,0.0,0.0,986709.7769013975,0.0
2019-01-29,0.0,1.1767524258161919,-1.5669959640901256,-0.0,0.0,-0.0,986709.7769013975,0.0
2019-01-30,0.0,1.1746531479620552,-1.3308922216327128,-0.0,0.0,-0.0,986709.7769013975,0.0
2019-01-31,0.0,1.1722851654488846,0.12818658798537427,0.0,0.0,0.0,986709.7769013975,0.0
2019-02-01,0.0,1.1723289056409618,-0.1365478433386653,0.0,0.0,0.0,986709.7769013975,0.0
2019-02-04,0.0,1.1722114086150588,-1.3429139275515534,-0.0,0.0,-0.0,986709.7769013975,0.0
2019-02-05,0.0,1.1707663305641003,-1.225656785975042,-0.0,0.0,-0.0,986709.7769013975,0.0
2019-02-06,0.0,1.1692786691471646,-1.4535415640330556,0.0,0.0,0.0,986709.7769013975,0.0
2019-02-07,0.0,1.16804049445353,0.6471280679808337,0.0,0.0,0.0,986709.7769013975,0.0
2019-02-08,0.0,1.16822607757556,-2.3025263298699716,-0.0,0.0,-0.0,986709.7769013975,0.0
2019-02-11,1.0,1.1652418084079037,-1.337164374112083,-0.002553867033533337,0.0007,-0.0032538670335333373,983499.1544866731,1.0
2019-02-12,1.0,1.1631086414107044,-2.1412366361333826,-0.004001800649763632,6.376291382268861e-07,-0.004002438278901859,979562.759823488,0.0009108987688955517
2019-02-13,1.0,1.1614656944293102,0.48140977245710637,0.0010076045687039787,4.919544633476325e-07,0.0010071126142406311,980549.2898353465,0.0007027920904966178
2019-02-14,0.0,1.1620442682538505,-1.891707959214802,0.0,0.0007,-0.0007,979862.9053324617,1.0
2019-02-15,0.0,1.1605222636236805,0.213682602616221,0.0,0.0,0.0,979862.9053324617,0.0
2019-02-18,0.0,1.1606427353434012,1.6633662581729367,0.0,0.0,0.0,979862.9053324617,0.0
2019-02-19,0.0,1.1634322566653768,1.5223703103583168,0.0,0.0,0.0,979862.9053324617,0.0
2019-02-20,0.0,1.1659087224362092,-1.5994399959287475,-0.0,0.0,-0.0,979862.9053324617,0.0
2019-02-21,0.0,1.1631985114517729,0.17578968008765336,0.0,0.0,0.0,979862.9053324617,0.0
2019-02-22,0.0,1.1635610952160131,-0.7748093033201321,0.0,0.0,0.0,979862.9053324617,0.0
2019-02-25,0.0,1.1629190499135396,-0.9943879335944996,0.0,0.0,0.0,979862.9053324617,0.0
2019-02-26,0.0,1.1618551282750411,-0.035469530305628556,0.0,0.0,0.0,979862.9053324617,0.0
2019-02-27,0.0,1.161807820363336,1.1920755623553665,0.0,0.0,0.0,979862.9053324617,0.0
2019-02-28,0.0,1.1629377495629025,0.53754077830425,0.0,0.0,0.0,979862.9053324617,0.0
2019-03-01,0.0,1.1638624353469706,-0.5519597863765564,0.0,0.0,0.0,979862.9053324617,0.0
2019-03-04,0.0,1.163115649987866,0.6982384719674387,0.0,0.0,0.0,979862.9053324617,0.0
2019-03-05,0.0,1.1636763908407188,-1.721833054207506,0.0,0.0,0.0,979862.9053324617,0.0
2019-03-06,0.0,1.1613436367407042,-0.5410691167436315,0.0,0.0,0.0,979862.9053324617,0.0
2019-03-07,0.0,1.1606194409157757,-0.6394712359071977,0.0,0.0,0.0,979862.9053324617,0.0
2019-03-08,0.0,1.15929096059209,0.16514529766197994,0.0,0.0,0.0,979862.9053324617,0.0
2019-03-11,0.0,1.1595434248304324,-0.08084094896082689,0.0,0.0,0.0,979862.9053324617,0.0
2019-03-12,0.0,1.159411625655454,-0.03490773414817709,0.0,0.0,0.0,979862.9053324617,0.0
2019-03-13,0.0,1.1593569640775494,-0.0006434254171849192,0.0,0.0,0.0,979862.9053324617,0.0
2019-03-14,0.0,1.1593563026111422,0.21143588371565977,0.0,0.0,0.0,979862.9053324617,0.0
2019-03-15,0.0,1.1595310601648499,0.6407812459184192,0.0,0.0,0.0,979862.9053324617,0.0
2019-03-18,0.0,1.160377678958936,0.3101997897717777,0.0,0.0,0.0,979862.9053324617,0.0
2019-03-19,0.0,1.1606870482363465,-0.3540203175772773,0.0,0.0,0.0,979862.9053324617,0.0
2019-03-20,0.0,1.1600496626367427,0.5421638485373151,0.0,0.0,0.0,979862.9053324617,0.0
2019-03-21,0.0,1.1607695224411099,1.055600179850204,0.0,0.0,0.0,979862.9053324617,0.0
2019-03-22,0.0,1.162075394661983,-0.625039507493003,-0.0,0.0,-0.0,979862.9053324617,0.0
2019-03-25,0.0,1.161356408000867,0.036509111250046807,0.0,0.0,0.0,979862.9053324617,0.0
2019-03-26,0.0,1.1613870375353692,1.6191165726664964,0.0,0.0,0.0,979862.9053324617,0.0
2019-03-27,0.0,1.1621110332022346,-1.262191128191681,0.0,0.0,0.0,979862.9053324617,0.0
2019-03-28,0.0,1.1610327189117677,2.055405460006548,0.0,0.0,0.0,979862.9053324617,0.0
2019-03-29,-1.0,1.1632682959300888,-1.3925671065779397,0.0029518916407948728,0.0007,0.0022518916407948727,982069.4504181049,1.0
2019-04-01,-1.0,1.1615835370450167,-0.3830792774354049,0.0007243560077533067,5.044096442130497e-07,0.0007238515981090936,982780.3229592443,0.0007205852060186424
2019-04-02,0.0,1.1610914361303173,-1.1779366519274208,-0.0,0.0007,-0.0007,982092.3767331727,1.0
2019-04-03,0.0,1.159713336146553,2.466920210687714,0.0,0.0,0.0,982092.3767331727,0.0
2019-04-04,-1.0,1.1618039701874199,-0.42729187129820884,0.0009544781899784075,0.0006999999999999999,0.0002544781899784076,982342.2978235955,0.9999999999999999
2019-04-05,0.0,1.1614449206085804,-0.6255158442787787,0.0,0.0006999999999999999,-0.0006999999999999999,981654.658215119,0.9999999999999999
2019-04-08,0.0,1.1603959260485974,-0.38360071630298137,0.0,0.0,0.0,981654.658215119,0.0
2019-04-09,0.0,1.1599101289087743,0.2007772768656923,0.0,0.0,0.0,981654.658215119,0.0
2019-04-10,0.0,1.160087214852306,-0.2727229475841967,0.0,0.0,0.0,981654.658215119,0.0
2019-04-11,0.0,1.1598075345729977,-0.043967067315688745,0.0,0.0,0.0,981654.658215119,0.0
2019-04-12,0.0,1.1597672653348727,-2.846834169155107,0.0,0.0,0.0,981654.658215119,0.0
2019-04-15,1.0,1.1559239580218128,0.13122861161658206,0.0004962089432405043,0.0007,-0.0002037910567594957,981454.6057749485,1.0
2019-04-16,0.0,1.1561180204872288,0.01514907146171463,0.0,0.0007,-0.0007,980767.587550906,1.0
2019-04-17,0.0,1.1561608780376984,0.952351377268244,0.0,0.0,0.0,980767.587550906,0.0
2019-04-18,0.0,1.1576408675745382,1.1177048400244078,0.0,0.0,0.0,980767.587550906,0.0
2019-04-19,0.0,1.1594572789745985,0.0358939068384202,0.0,0.0,0.0,980767.587550906,0.0
2019-04-22,0.0,1.1594756636043533,0.7278369209998671,0.0,0.0,0.0,980767.587550906,0.0
2019-04-23,0.0,1.1603081551290033,-0.8794388008324738,-0.0,0.0,-0.0,980767.587550906,0.0
2019-04-24,0.0,1.1583849021466444,0.6354869505512788,0.0,0.0,0.0,980767.587550906,0.0
2019-04-25,0.0,1.159416174912686,-0.1169755680811356,0.0,0.0,0.0,980767.587550906,0.0
2019-04-26,0.0,1.1604687648138354,-0.974592314243633,-0.0,0.0,-0.0,980767.587550906,0.0
2019-04-29,0.0,1.1589329602479264,-0.19003220248993133,0.0,0.0,0.0,980767.587550906,0.0
2019-04-30,0.0,1.1584901095761626,1.359380743020733,0.0,0.0,0.0,980767.587550906,0.0
2019-05-01,0.0,1.158846582688764,0.1465316420352684,0.0,0.0,0.0,980767.587550906,0.0
2019-05-02,0.0,1.1591429372769368,1.5183557163330588,0.0,0.0,0.0,980767.587550906,0.0
2019-05-03,0.0,1.1588347000199621,-0.6500891972904004,-0.0,0.0,-0.0,980767.587550906,0.0
2019-05-06,0.0,1.157679880708003,0.895669963273086,0.0,0.0,0.0,980767.587550906,0.0
2019-05-07,0.0,1.1588586382658919,-0.39055531356773093,0.0,0.0,0.0,980767.587550906,0.0
2019-05-08,0.0,1.1587373558067804,0.18098124593243242,0.0,0.0,0.0,980767.587550906,0.0
2019-05-09,0.0,1.159009784259017,0.12538641740302714,0.0,0.0,0.0,980767.587550906,0.0
2019-05-10,0.0,1.1592540476603401,0.6791277229711561,0.0,0.0,0.0,980767.587550906,0.0
2019-05-13,0.0,1.1601950620981167,0.22241010731589742,0.0,0.0,0.0,980767.587550906,0.0
2019-05-14,0.0,1.160471197978041,-0.773949935044926,0.0,0.0,0.0,980767.587550906,0.0
2019-05-15,0.0,1.1599144211601324,1.1560361300847506,0.0,0.0,0.0,980767.587550906,0.0
2019-05-16,0.0,1.160247488961304,1.8599193241651433,0.0,0.0,0.0,980767.587550906,0.0
2019-05-17,0.0,1.16249784817667,-0.8580394859641852,0.0,0.0,0.0,980767.587550906,0.0
2019-05-20,0.0,1.1608858856359134,-1.9045984849864823,-0.0,0.0,-0.0,980767.587550906,0.0
2019-05-21,0.0,1.1576516990146581,0.6376391446810029,0.0,0.0,0.0,980767.587550906,0.0
2019-05-22,0.0,1.157762960006094,-0.22877588291173628,0.0,0.0,0.0,980767.587550906,0.0
2019-05-23,0.0,1.1576376698665085,-0.07455404771438981,0.0,0.0,0.0,980767.587550906,0.0
2019-05-24,0.0,1.1575805729073745,0.7140381633632793,0.0,0.0,0.0,980767.587550906,0.0
2019-05-27,0.0,1.1578930756432348,-0.4908605046547324,-0.0,0.0,-0.0,980767.587550906,0.0
2019-05-28,0.0,1.157339858712468,-0.33738740155535024,-0.0,0.0,-0.0,980767.587550906,0.0
2019-05-29,0.0,1.1569535588867699,0.012723143260925135,0.0,0.0,0.0,980767.587550906,0.0
2019-05-30,0.0,1.156959403144091,1.6167444073815773,0.0,0.0,0.0,980767.587550906,0.0
2019-05-31,0.0,1.1591976116691427,-0.03918282158874531,0.0,0.0,0.0,980767.587550906,0.0
2019-06-03,0.0,1.1591503373045664,-1.4475453586308882,0.0,0.0,0.0,980767.587550906,0.0
2019-06-04,0.0,1.157842184684832,-1.35233117543935,0.0,0.0,0.0,980767.587550906,0.0
2019-06-05,0.0,1.1564691354285743,0.3453484657912326,0.0,0.0,0.0,980767.587550906,0.0
2019-06-06,0.0,1.1565387993597205,-1.1616702691193785,0.0,0.0,0.0,980767.587550906,0.0
2019-06-07,0.0,1.155478373455772,-1.592492098276264,-0.0,0.0,-0.0,980767.587550906,0.0
2019-06-10,0.0,1.1537038734479856,0.7495085176653313,0.0,0.0,0.0,980767.587550906,0.0
2019-06-11,0.0,1.154516251958575,0.7734342465957724,0.0,0.0,0.0,980767.587550906,0.0
2019-06-12,0.0,1.1555291755109693,-0.32243499431993883,-0.0,0.0,-0.0,980767.587550906,0.0
2019-06-13,0.0,1.155130609293534,0.4486906468702906,0.0,0.0,0.0,980767.587550906,0.0
2019-06-14,0.0,1.155514747663155,0.27022147208231595,0.0,0.0,0.0,980767.587550906,0.0
2019-06-17,0.0,1.1558228849650185,0.7559716494101453,0.0,0.0,0.0,980767.587550906,0.0
2019-06-18,0.0,1.1567786021222357,0.8315913986178199,0.0,0.0,0.0,980767.587550906,0.0
2019-06-19,0.0,1.1575407397073054,-2.6978393129303058,-0.0,0.0,-0.0,980767.587550906,0.0
2019-06-20,1.0,1.1539976033796804,-0.18890384168972602,-0.00030004622348768506,0.0007,-0.001000046223487685,979786.7746288566,1.0
2019-06-21,0.0,1.1538016210116575,0.7078260338090434,0.0,0.0007,-0.0007,979100.9238866162,1.0
2019-06-24,0.0,1.1542808458789184,-0.39461991229059956,0.0,0.0,0.0,979100.9238866162,0.0
2019-06-25,0.0,1.153687348005295,0.168910860125869,0.0,0.0,0.0,979100.9238866162,0.0
2019-06-26,0.0,1.15382970390391,0.8249959646276062,0.0,0.0,0.0,979100.9238866162,0.0
2019-06-27,0.0,1.1549046296818446,0.1740588315571323,0.0,0.0,0.0,979100.9238866162,0.0
2019-06-28,0.0,1.155087207664788,1.5803601077672957,0.0,0.0,0.0,979100.9238866162,0.0
2019-07-01,0.0,1.1566033526596518,1.152039874411461,0.0,0.0,0.0,979100.9238866162,0.0
2019-07-02,0.0,1.1579140548773803,-0.1018884446804216,0.0,0.0,0.0,979100.9238866162,0.0
2019-07-03,0.0,1.157812739366622,-0.08635223755043307,0.0,0.0,0.0,979100.9238866162,0.0
2019-07-04,0.0,1.1577804029960588,-2.5259222323164,-0.0,0.0,-0.0,979100.9238866162,0.0
2019-07-05,1.0,1.1539958655875424,-0.30596725162390337,-0.0006286499184789257,0.0007,-0.0013286499184789256,977800.0415239118,1.0
2019-07-08,0.0,1.1535543953933445,-1.2022786570521669,-0.0,0.0007,-0.0007,977115.581494845,1.0
2019-07-09,0.0,1.1514408971310661,0.3222489306459142,0.0,0.0,0.0,977115.581494845,0.0
2019-07-10,0.0,1.1517552395134332,0.12254342029690939,0.0,0.0,0.0,977115.581494845,0.0
2019-07-11,0.0,1.1520382582060105,0.7424821620187504,0.0,0.0,0.0,977115.581494845,0.0
2019-07-12,0.0,1.152820798654124,1.3159719442287297,0.0,0.0,0.0,977115.581494845,0.0
2019-07-15,0.0,1.1539749765633476,0.09418815010037063,0.0,0.0,0.0,977115.581494845,0.0
2019-07-16,0.0,1.1540497350243397,1.899037816952162,0.0,0.0,0.0,977115.581494845,0.0
2019-07-17,0.0,1.1549118679555304,0.10583795421437028,0.0,0.0,0.0,977115.581494845,0.0
2019-07-18,0.0,1.1551261233974652,-1.2436308581190945,-0.0,0.0,-0.0,977115.581494845,0.0
2019-07-19,0.0,1.1523698948946757,-0.5230504709416945,-0.0,0.0,-0.0,977115.581494845,0.0
2019-07-22,0.0,1.1515295216146737,-0.24393673756024392,0.0,0.0,0.0,977115.581494845,0.0
2019-07-23,0.0,1.1513381902211628,0.40141850514574356,0.0,0.0,0.0,977115.581494845,0.0
2019-07-24,0.0,1.1522640003716398,-0.7363014056151124,0.0,0.0,0.0,977115.581494845,0.0
2019-07-25,0.0,1.1514831837552755,-0.22782121535754626,0.0,0.0,0.0,977115.581494845,0.0
2019-07-26,0.0,1.1511817444142352,-0.18869260523660916,0.0,0.0,0.0,977115.581494845,0.0
2019-07-29,0.0,1.1508101876466792,-0.39935640801342415,-0.0,0.0,-0.0,977115.581494845,0.0
2019-07-30,0.0,1.1501948759317315,0.6004733562667557,0.0,0.0,0.0,977115.581494845,0.0
2019-07-31,0.0,1.151730583482607,0.5861115998560646,0.0,0.0,0.0,977115.581494845,0.0
2019-08-01,0.0,1.1525412545731508,1.2641354533766596,0.0,0.0,0.0,977115.581494845,0.0
2019-08-02,0.0,1.153666873751288,-0.2706708553747754,0.0,0.0,0.0,977115.581494845,0.0
2019-08-05,0.0,1.1534730346975317,1.4267195903793903,0.0,0.0,0.0,977115.581494845,0.0
2019-08-06,0.0,1.1539220453882588,-1.379065387814248,0.0,0.0,0.0,977115.581494845,0.0
2019-08-07,0.0,1.1524682014876935,-1.4283103510927375,-0.0,0.0,-0.0,977115.581494845,0.0
2019-08-08,0.0,1.1498485055830978,-1.1544804788895022,-0.0,0.0,-0.0,977115.581494845,0.0
2019-08-09,0.0,1.1480074666941436,0.054137861316803156,0.0,0.0,0.0,977115.581494845,0.0
2019-08-12,0.0,1.1480712610463384,1.2602839603470464,0.0,0.0,0.0,977115.581494845,0.0
2019-08-13,0.0,1.148909837783696,-0.608610352403629,-0.0,0.0,-0.0,977115.581494845,0.0
2019-08-14,0.0,1.1482775811408366,-0.5857329798952217,0.0,0.0,0.0,977115.581494845,0.0
2019-08-15,0.0,1.1473686407869017,-0.24079652256897233,0.0,0.0,0.0,977115.581494845,0.0
2019-08-16,0.0,1.1470796944775852,0.7317881290870825,0.0,0.0,0.0,977115.581494845,0.0
2019-08-19,0.0,1.1478016731100205,-0.4186541571135618,0.0,0.0,0.0,977115.581494845,0.0
2019-08-20,0.0,1.1475252727544334,-0.6254958380763874,0.0,0.0,0.0,977115.581494845,0.0
2019-08-21,0.0,1.1467249168987976,-1.2278792141243822,0.0,0.0,0.0,977115.581494845,0.0
2019-08-22,0.0,1.1471686023252838,-0.5901683647633706,-0.0,0.0,-0.0,977115.581494845,0.0
2019-08-23,0.0,1.1465027586510699,1.2462195708450328,0.0,0.0,0.0,977115.581494845,0.0
2019-08-26,0.0,1.1491016762678103,0.34674871792961687,0.0,0.0,0.0,977115.581494845,0.0
2019-08-27,0.0,1.149218870213948,-0.6837247783554343,0.0,0.0,0.0,977115.581494845,0.0
2019-08-28,0.0,1.1486801700325846,1.4285853995271516,0.0,0.0,0.0,977115.581494845,0.0
2019-08-29,0.0,1.1500076066713891,-0.5128520516029961,0.0,0.0,0.0,977115.581494845,0.0
2019-08-30,0.0,1.1495999020015784,1.4630741915301904,0.0,0.0,0.0,977115.581494845,0.0
2019-09-02,0.0,1.151869743131479,1.4610836848214723,0.0,0.0,0.0,977115.581494845,0.0
2019-09-03,0.0,1.153696407371291,0.05101708318495222,0.0,0.0,0.0,977115.581494845,0.0
2019-09-04,0.0,1.153756362129031,-1.6714652874198597,-0.0,0.0,-0.0,977115.581494845,0.0
2019-09-05,0.0,1.1514247507094326,2.230568340468232,0.0,0.0,0.0,977115.581494845,0.0
2019-09-06,-1.0,1.1541263699663928,0.11401279431122353,-0.0001689037889554025,0.0007,-0.0008689037889554025,976266.5620638367,1.0
2019-09-09,0.0,1.1544206599305533,-0.3661733566852595,0.0,0.0007,-0.0007,975583.1754703921,1.0
2019-09-10,0.0,1.1540079597574848,0.8846504837348005,0.0,0.0,0.0,975583.1754703921,0.0
2019-09-11,0.0,1.1550720031479946,0.8295681102951435,0.0,0.0,0.0,975583.1754703921,0.0
2019-09-12,0.0,1.155269086372315,1.2507915569747134,0.0,0.0,0.0,975583.1754703921,0.0
2019-09-13,0.0,1.1564086259024202,-0.8047140417740795,-0.0,0.0,-0.0,975583.1754703921,0.0
2019-09-16,0.0,1.155123285015376,0.3017348119064897,0.0,0.0,0.0,975583.1754703921,0.0
2019-09-17,0.0,1.1553111603875954,-1.008818943116522,0.0,0.0,0.0,975583.1754703921,0.0
2019-09-18,0.0,1.1552053726735925,0.5509384409718571,0.0,0.0,0.0,975583.1754703921,0.0
2019-09-19,0.0,1.1558780077688362,-0.20024310413361235,0.0,0.0,0.0,975583.1754703921,0.0
2019-09-20,0.0,1.1555509989957657,0.20854924255990373,0.0,0.0,0.0,975583.1754703921,0.0
2019-09-23,0.0,1.1557723794147534,-0.20435008878881167,0.0,0.0,0.0,975583.1754703921,0.0
2019-09-24,0.0,1.1555713009047195,-0.1882158153925306,0.0,0.0,0.0,975583.1754703921,0.0
2019-09-25,0.0,1.1555026664588723,-1.0333121245976578,-0.0,0.0,-0.0,975583.1754703921,0.0
2019-09-26,0.0,1.1540297384527805,0.6903455737556474,0.0,0.0,0.0,975583.1754703921,0.0
2019-09-27,0.0,1.1549843383574918,1.5933845702617517,0.0,0.0,0.0,975583.1754703921,0.0
2019-09-30,0.0,1.1557320297882645,-0.7614032032432069,0.0,0.0,0.0,975583.1754703921,0.0
2019-10-01,0.0,1.1545708772188756,0.3731327408965989,0.0,0.0,0.0,975583.1754703921,0.0
2019-10-02,0.0,1.1551318981630485,0.2820270650471023,0.0,0.0,0.0,975583.1754703921,0.0
2019-10-03,0.0,1.1555105592812436,-0.21846103284737814,0.0,0.0,0.0,975583.1754703921,0.0
2019-10-04,0.0,1.1552858389581548,-1.9784713830270337,-0.0,0.0,-0.0,975583.1754703921,0.0
2019-10-07,0.0,1.1533307827939046,-1.59423187935792,-0.0,0.0,-0.0,975583.1754703921,0.0
2019-10-08,0.0,1.1515838912702026,-1.027576971021143,-0.0,0.0,-0.0,975583.1754703921,0.0
2019-10-09,0.0,1.1502028203371526,-2.127239225193056,0.0,0.0,0.0,975583.1754703921,0.0
2019-10-10,1.0,1.1498118061500877,1.617229733979472,0.003499599729855805,0.0007,0.002799599729855805,978314.4178648908,1.0
2019-10-11,1.0,1.1505335106981163,0.4854259398186289,0.0009649582559639829,2.185449723248356e-07,0.0009647397109916581,979258.2366336408,0.0003122071033211937
2019-10-14,0.0,1.150933924533238,0.011988366380092385,0.0,0.0007,-0.0007,978572.7558679973,1.0
2019-10-15,0.0,1.1509455275477358,-2.1180163007233235,-0.0,0.0,-0.0,978572.7558679973,0.0
2019-10-16,1.0,1.1482805800524292,-1.6920699004057853,-0.003930291472962623,0.0007,-0.004630291472962623,974041.6787808281,1.0
2019-10-17,1.0,1.1460362607919756,0.03753261355881435,0.00016539605640407125,6.815294291505125e-07,0.00016471452697492073,974202.1175952025,0.0009736134702150179
2019-10-18,0.0,1.1546147377704834,1.6916336006527064,0.0,0.0007,-0.0007,973520.1761128858,1.0
2019-10-21,0.0,1.157990334866955,-0.4421884028482779,0.0,0.0,0.0,973520.1761128858,0.0
2019-10-22,0.0,1.1575997324016623,0.7526636164852001,0.0,0.0,0.0,973520.1761128858,0.0
2019-10-23,0.0,1.1587134092213014,-0.30104343260590033,0.0,0.0,0.0,973520.1761128858,0.0
2019-10-24,0.0,1.1583886401230652,0.11923686088170507,0.0,0.0,0.0,973520.1761128858,0.0
2019-10-25,0.0,1.158527217474139,1.0438250955543358,0.0,0.0,0.0,973520.1761128858,0.0
2019-10-28,0.0,1.160261441102325,0.0020777845206577145,0.0,0.0,0.0,973520.1761128858,0.0
2019-10-29,0.0,1.160260006727103,-0.725163909132552,0.0,0.0,0.0,973520.1761128858,0.0
2019-10-30,0.0,1.158340889362654,1.130333351004866,0.0,0.0,0.0,973520.1761128858,0.0
2019-10-31,0.0,1.1604619987454612,0.09257238026090545,0.0,0.0,0.0,973520.1761128858,0.0
2019-11-01,0.0,1.1605715680526172,0.7711089047307796,0.0,0.0,0.0,973520.1761128858,0.0
2019-11-04,0.0,1.1624201248239319,-0.5607012401522588,0.0,0.0,0.0,973520.1761128858,0.0
2019-11-05,0.0,1.1617395191327138,1.1293159223659135,0.0,0.0,0.0,973520.1761128858,0.0
2019-11-06,0.0,1.1633941860938128,0.2788454077232999,0.0,0.0,0.0,973520.1761128858,0.0
2019-11-07,0.0,1.1636537145862356,0.20572438947935562,0.0,0.0,0.0,973520.1761128858,0.0
2019-11-08,0.0,1.1640724755794232,0.04440747032368432,0.0,0.0,0.0,973520.1761128858,0.0
2019-11-11,0.0,1.164131084820842,-0.5459594066312105,-0.0,0.0,-0.0,973520.1761128858,0.0
2019-11-12,0.0,1.1634164408508911,-0.19571561909542814,0.0,0.0,0.0,973520.1761128858,0.0
2019-11-13,0.0,1.1631073055104837,-0.6747509778838056,-0.0,0.0,-0.0,973520.1761128858,0.0
2019-11-14,0.0,1.1623143490829857,1.129600136730672,0.0,0.0,0.0,973520.1761128858,0.0
2019-11-15,0.0,1.1632095541885688,-0.4837874814804608,0.0,0.0,0.0,973520.1761128858,0.0
2019-11-18,0.0,1.1626319748166951,-2.0842451465566976,0.0,0.0,0.0,973520.1761128858,0.0
2019-11-19,1.0,1.1589160127638298,-1.8909416475981913,-0.0036246189811421953,0.0007,-0.004324618981142195,969310.072280743,1.0
2019-11-20,1.0,1.1568532672025174,-1.7754279584848358,-0.0037038776695440317,6.201794174905295e-07,-0.0037044978489615223,965719.2652030024,0.0008859705964150422
2019-11-21,1.0,1.1545157652604783,0.6733042536128665,0.0015264472481001483,7.042222444162139e-07,0.001525743025855732,967192.7046368202,0.0010060317777374483
2019-11-22,1.0,1.155290317593818,-1.174077389434412,-0.00250804162591896,2.335196053747657e-07,-0.0025082751455243347,964766.7192148472,0.00033359943624966526
2019-11-25,1.0,1.1534583604181154,0.417957350505746,0.0009355430670140716,5.525875507292277e-07,0.0009349904794633424,965668.7669122162,0.0007894107867560396
2019-11-26,0.0,1.1538472652670864,0.2794822451900064,0.0,0.0007,-0.0007,964992.7987753776,1.0
2019-11-27,0.0,1.1540895577767287,0.16165632040444167,0.0,0.0,0.0,964992.7987753776,0.0
2019-11-28,0.0,1.1541460237803642,0.6489741682952912,0.0,0.0,0.0,964992.7987753776,0.0
2019-11-29,0.0,1.154550065563584,0.3136018202063746,0.0,0.0,0.0,964992.7987753776,0.0
2019-12-02,0.0,1.1547924217203196,-2.5240004129870277,0.0,0.0,0.0,964992.7987753776,0.0
2019-12-03,1.0,1.152334117971673,-0.3646785393714998,-0.0006647677948624694,0.0007,-0.0013647677948624695,963675.8076813348,1.0
2019-12-04,0.0,1.151655365384241,0.5541231590994101,0.0,0.0007,-0.0007,963001.2346159577,1.0
2019-12-05,0.0,1.1523675075787472,1.6812800665784617,0.0,0.0,0.0,963001.2346159577,0.0
2019-12-06,0.0,1.1539013800710356,1.5662971991363406,0.0,0.0,0.0,963001.2346159577,0.0
2019-12-09,0.0,1.1552422631790629,-1.167569685563668,-0.0,0.0,-0.0,963001.2346159577,0.0
2019-12-10,0.0,1.1527103486747998,-0.34256794825743503,0.0,0.0,0.0,963001.2346159577,0.0
2019-12-11,0.0,1.1519806501721737,-1.1889194489613883,0.0,0.0,0.0,963001.2346159577,0.0
2019-12-12,0.0,1.1504273377779233,1.2692296302598611,0.0,0.0,0.0,963001.2346159577,0.0
2019-12-13,0.0,1.1518839008233122,0.7654006037777471,0.0,0.0,0.0,963001.2346159577,0.0
2019-12-16,0.0,1.153513263528795,0.3857755009341659,0.0,0.0,0.0,963001.2346159577,0.0
2019-12-17,0.0,1.1538102723711416,0.1342754696924188,0.0,0.0,0.0,963001.2346159577,0.0
2019-12-18,0.0,1.1540191077358206,1.0237387941565625,0.0,0.0,0.0,963001.2346159577,0.0
2019-12-19,0.0,1.1564641360282624,0.9833741818615107,0.0,0.0,0.0,963001.2346159577,0.0
2019-12-20,0.0,1.157832397152083,0.9992029527551418,0.0,0.0,0.0,963001.2346159577,0.0
2019-12-23,0.0,1.1587203216890507,0.2893442063074832,0.0,0.0,0.0,963001.2346159577,0.0
2019-12-24,0.0,1.1591441789852324,-0.33225556924317284,0.0,0.0,0.0,963001.2346159577,0.0
2019-12-25,0.0,1.1587914688927559,0.676210541591076,0.0,0.0,0.0,963001.2346159577,0.0
2019-12-26,0.0,1.1591418944501712,0.5466050316212258,0.0,0.0,0.0,963001.2346159577,0.0
2019-12-27,0.0,1.1599969342188288,-0.34045107246855877,0.0,0.0,0.0,963001.2346159577,0.0
2019-12-30,0.0,1.1593670392249364,-0.4385288153347703,0.0,0.0,0.0,963001.2346159577,0.0
2019-12-31,0.0,1.1589517264294473,1.0533804391703694,0.0,0.0,0.0,963001.2346159577,0.0
2020-01-01,0.0,1.1598673641998134,1.565907125714522,0.0,0.0,0.0,963001.2346159577,0.0
2020-01-02,0.0,1.1609782125389343,-0.8156525271563447,0.0,0.0,0.0,963001.2346159577,0.0
2020-01-03,0.0,1.1602737460793755,-0.36670840244717445,0.0,0.0,0.0,963001.2346159577,0.0
2020-01-06,0.0,1.1600017206196525,0.35321375277241096,0.0,0.0,0.0,963001.2346159577,0.0
2020-01-07,0.0,1.160191379069737,0.18890080747981935,0.0,0.0,0.0,963001.2346159577,0.0
2020-01-08,0.0,1.1604812938142306,-0.9581993215547298,-0.0,0.0,-0.0,963001.2346159577,0.0
2020-01-09,0.0,1.1594223529567014,2.106648196625587,0.0,0.0,0.0,963001.2346159577,0.0
2020-01-10,-1.0,1.1615777341685465,0.20481766588904965,-0.00026899584583668797,0.0006999999999999999,-0.0009689958458366879,962068.0904200793,0.9999999999999999
2020-01-13,0.0,1.161806132413523,0.33168475754171417,0.0,0.0006999999999999999,-0.0006999999999999999,961394.6427567853,0.9999999999999999
2020-01-14,0.0,1.1621504069249755,1.9182742635382535,0.0,0.0,0.0,961394.6427567853,0.0
2020-01-15,0.0,1.1635458860386525,-0.7949039274532709,-0.0,0.0,-0.0,961394.6427567853,0.0
2020-01-16,0.0,1.1628423067325417,-0.35705617386202715,0.0,0.0,0.0,961394.6427567853,0.0
2020-01-17,0.0,1.1625700785915312,-1.68905838222842,-0.0,0.0,-0.0,961394.6427567853,0.0
2020-01-20,0.0,1.1608547553813504,-0.4556049743442613,-0.0,0.0,-0.0,961394.6427567853,0.0
2020-01-21,0.0,1.1603810017071814,-1.6301619711743938,0.0,0.0,0.0,961394.6427567853,0.0
2020-01-22,0.0,1.1593050507824298,0.7929920012619348,0.0,0.0,0.0,961394.6427567853,0.0
2020-01-23,0.0,1.1596128533448231,0.26533401711252996,0.0,0.0,0.0,961394.6427567853,0.0
2020-01-24,0.0,1.1599199601720531,-0.43771890682207665,0.0,0.0,0.0,961394.6427567853,0.0
2020-01-27,0.0,1.1594888526927152,-0.08136636948505115,0.0,0.0,0.0,961394.6427567853,0.0
2020-01-28,0.0,1.1594598355222467,0.6055659160144818,0.0,0.0,0.0,961394.6427567853,0.0
2020-01-29,0.0,1.160219965576259,-1.56293849720677,-0.0,0.0,-0.0,961394.6427567853,0.0
2020-01-30,0.0,1.1581232172355735,-0.19178679501895018,0.0,0.0,0.0,961394.6427567853,0.0
2020-01-31,0.0,1.1577802884184554,0.7280120367118518,0.0,0.0,0.0,961394.6427567853,0.0
2020-02-03,0.0,1.1583120637631805,-1.9302919253910376,0.0,0.0,0.0,961394.6427567853,0.0
2020-02-04,0.0,1.1565900045089719,0.6986678470081288,0.0,0.0,0.0,961394.6427567853,0.0
2020-02-05,0.0,1.1570035913010748,-1.7481193635794268,-0.0,0.0,-0.0,961394.6427567853,0.0
2020-02-06,0.0,1.1545630915539569,-0.20956735740921592,-0.0,0.0,-0.0,961394.6427567853,0.0
2020-02-07,0.0,1.1543413815242287,-1.2190424336017962,0.0,0.0,0.0,961394.6427567853,0.0
2020-02-10,0.0,1.1532992504772352,1.3966880433897944,0.0,0.0,0.0,961394.6427567853,0.0
2020-02-11,0.0,1.1547024639452539,-1.0877043308613121,0.0,0.0,0.0,961394.6427567853,0.0
2020-02-12,0.0,1.1543411192558295,-1.8061309314813774,-0.0,0.0,-0.0,961394.6427567853,0.0
2020-02-13,0.0,1.151504268600875,0.2249225649320001,0.0,0.0,0.0,961394.6427567853,0.0
2020-02-14,0.0,1.151655661506465,-0.37339621381070964,0.0,0.0,0.0,961394.6427567853,0.0
2020-02-17,0.0,1.1512897792784362,-1.372113521260665,0.0,0.0,0.0,961394.6427567853,0.0
2020-02-18,0.0,1.1507677325934298,0.6809386241286312,0.0,0.0,0.0,961394.6427567853,0.0
2020-02-19,0.0,1.1512450134066916,-1.9121010797362419,0.0,0.0,0.0,961394.6427567853,0.0
2020-02-20,0.0,1.1492867904005297,-0.9561591534399667,0.0,0.0,0.0,961394.6427567853,0.0
2020-02-21,0.0,1.1482703783415973,-0.47242735337229713,-0.0,0.0,-0.0,961394.6427567853,0.0
2020-02-24,0.0,1.147658076378652,0.8568163338373688,0.0,0.0,0.0,961394.6427567853,0.0
2020-02-25,0.0,1.1492253869049107,1.3113665934179741,0.0,0.0,0.0,961394.6427567853,0.0
2020-02-26,0.0,1.1510432458468691,1.0105020685512793,0.0,0.0,0.0,961394.6427567853,0.0
2020-02-27,0.0,1.152887459677671,-0.1485326973870397,0.0,0.0,0.0,961394.6427567853,0.0
2020-02-28,0.0,1.1526050275000617,-1.99440583165664,-0.0,0.0,-0.0,961394.6427567853,0.0
2020-03-02,0.0,1.1492855286901527,0.40871812934459767,0.0,0.0,0.0,961394.6427567853,0.0
2020-03-03,0.0,1.1498285306903446,1.2246996468521794,0.0,0.0,0.0,961394.6427567853,0.0
2020-03-04,0.0,1.152267019116613,1.0127923450153349,0.0,0.0,0.0,961394.6427567853,0.0
2020-03-05,0.0,1.1541591086699978,0.4010782295115235,0.0,0.0,0.0,961394.6427567853,0.0
2020-03-06,0.0,1.1547433429315401,-0.8372082287507449,0.0,0.0,0.0,961394.6427567853,0.0
2020-03-09,0.0,1.1542413702005734,-0.3593973126505336,0.0,0.0,0.0,961394.6427567853,0.0
2020-03-10,0.0,1.1539286627797172,1.601481318547682,0.0,0.0,0.0,961394.6427567853,0.0
2020-03-11,0.0,1.1556927488754765,-1.1483364220425234,-0.0,0.0,-0.0,961394.6427567853,0.0
2020-03-12,0.0,1.1536865634421625,-0.8803612756908039,0.0,0.0,0.0,961394.6427567853,0.0
2020-03-13,0.0,1.1525255884655536,0.7336410611811782,0.0,0.0,0.0,961394.6427567853,0.0
2020-03-16,0.0,1.1538731268696,-0.3738575489409246,0.0,0.0,0.0,961394.6427567853,0.0
2020-03-17,0.0,1.1530920944743743,-0.9428999424982875,-0.0,0.0,-0.0,961394.6427567853,0.0
2020-03-18,0.0,1.1512694910829684,1.2195255207798759,0.0,0.0,0.0,961394.6427567853,0.0
2020-03-19,0.0,1.1535776562534523,0.5088868812948457,0.0,0.0,0.0,961394.6427567853,0.0
2020-03-20,0.0,1.1539639032541873,-0.31928878604334066,0.0,0.0,0.0,961394.6427567853,0.0
2020-03-23,0.0,1.1534386587895216,-0.8520356235971559,0.0,0.0,0.0,961394.6427567853,0.0
2020-03-24,0.0,1.1525703881737532,1.7204648588058988,0.0,0.0,0.0,961394.6427567853,0.0
2020-03-25,0.0,1.1534664948504914,0.04797958503631211,0.0,0.0,0.0,961394.6427567853,0.0
2020-03-26,0.0,1.153521395378703,0.9888043435134163,0.0,0.0,0.0,961394.6427567853,0.0
2020-03-27,0.0,1.1556137853537414,0.7043265393172499,0.0,0.0,0.0,961394.6427567853,0.0
2020-03-30,0.0,1.1567206251015447,-0.6276225867550915,0.0,0.0,0.0,961394.6427567853,0.0
2020-03-31,0.0,1.1553087365709371,-0.5030652485978669,-0.0,0.0,-0.0,961394.6427567853,0.0
2020-04-01,0.0,1.154616790353631,1.0117542653101825,0.0,0.0,0.0,961394.6427567853,0.0
2020-04-02,0.0,1.1569972963016508,1.1740876673476435,0.0,0.0,0.0,961394.6427567853,0.0
2020-04-03,0.0,1.1584268668002728,-1.5197562720448652,0.0,0.0,0.0,961394.6427567853,0.0
2020-04-06,0.0,1.1565577733097905,0.4661996217070005,0.0,0.0,0.0,961394.6427567853,0.0
2020-04-07,0.0,1.1568690605325023,-0.21872020390008773,0.0,0.0,0.0,961394.6427567853,0.0
2020-04-08,0.0,1.1565109050641316,-0.8903235511885839,0.0,0.0,0.0,961394.6427567853,0.0
2020-04-09,0.0,1.1557242415129818,0.2792690973357725,0.0,0.0,0.0,961394.6427567853,0.0
2020-04-10,0.0,1.1560245817800592,-1.2699946957565027,-0.0,0.0,-0.0,961394.6427567853,0.0
2020-04-13,0.0,1.1539407160114403,-0.49587486642643314,0.0,0.0,0.0,961394.6427567853,0.0
2020-04-14,0.0,1.1530977836022211,-0.7689742098097889,-0.0,0.0,-0.0,961394.6427567853,0.0
2020-04-15,0.0,1.1518101109147683,-0.39548933413143844,0.0,0.0,0.0,961394.6427567853,0.0
2020-04-16,0.0,1.1514507063540182,-0.013148779286415268,0.0,0.0,0.0,961394.6427567853,0.0
2020-04-17,0.0,1.1514363905803178,-0.8735851138735593,0.0,0.0,0.0,961394.6427567853,0.0
2020-04-20,0.0,1.150509276127248,1.4084790646083636,0.0,0.0,0.0,961394.6427567853,0.0
2020-04-21,0.0,1.1527545469642264,0.4420889582372683,0.0,0.0,0.0,961394.6427567853,0.0
2020-04-22,0.0,1.153470610789246,1.6379849653040197,0.0,0.0,0.0,961394.6427567853,0.0
2020-04-23,0.0,1.1556525477305515,-0.316588054331239,0.0,0.0,0.0,961394.6427567853,0.0
2020-04-24,0.0,1.1550625197278117,-0.6053771855967397,-0.0,0.0,-0.0,961394.6427567853,0.0
2020-04-27,0.0,1.1542733102588627,1.5802846994112092,0.0,0.0,0.0,961394.6427567853,0.0
2020-04-28,0.0,1.155889413715605,-0.5875320417705626,-0.0,0.0,-0.0,961394.6427567853,0.0
2020-04-29,0.0,1.1550904156529538,-0.3489871397260224,0.0,0.0,0.0,961394.6427567853,0.0
2020-04-30,0.0,1.154477756716939,0.4943156718617745,0.0,0.0,0.0,961394.6427567853,0.0
2020-05-01,0.0,1.155335311445698,-1.3984143465039094,-0.0,0.0,-0.0,961394.6427567853,0.0
2020-05-04,0.0,1.1533171285202664,0.6919441386918618,0.0,0.0,0.0,961394.6427567853,0.0
2020-05-05,0.0,1.1539482333781481,0.5711018489300667,0.0,0.0,0.0,961394.6427567853,0.0
2020-05-06,0.0,1.1544749268270007,1.1373038412982739,0.0,0.0,0.0,961394.6427567853,0.0
2020-05-07,0.0,1.1558977233013572,0.6196731765510657,0.0,0.0,0.0,961394.6427567853,0.0
2020-05-08,0.0,1.156937906645334,1.171353603717678,0.0,0.0,0.0,961394.6427567853,0.0
2020-05-11,0.0,1.1581940922680805,-0.2879719904789077,0.0,0.0,0.0,961394.6427567853,0.0
2020-05-12,0.0,1.1578744259362457,-1.0229476379416615,-0.0,0.0,-0.0,961394.6427567853,0.0
2020-05-13,0.0,1.1568592753721914,1.8761828163072067,0.0,0.0,0.0,961394.6427567853,0.0
2020-05-14,0.0,1.1587578681314892,-1.4137719255504444,0.0,0.0,0.0,961394.6427567853,0.0
2020-05-15,0.0,1.1574530041679723,-1.3377195981388679,0.0,0.0,0.0,961394.6427567853,0.0
2020-05-18,0.0,1.1559586259381684,0.22161585438709983,0.0,0.0,0.0,961394.6427567853,0.0
2020-05-19,0.0,1.1563924792251603,1.3367228604845758,0.0,0.0,0.0,961394.6427567853,0.0
2020-05-20,0.0,1.157768795614227,0.10439970496344174,0.0,0.0,0.0,961394.6427567853,0.0
2020-05-21,0.0,1.1578672074410405,0.863217663357901,0.0,0.0,0.0,961394.6427567853,0.0
2020-05-22,0.0,1.1584740120239638,-1.766986359670902,-0.0,0.0,-0.0,961394.6427567853,0.0
2020-05-25,0.0,1.1562890762609002,-0.6618716244841848,0.0,0.0,0.0,961394.6427567853,0.0
2020-05-26,0.0,1.1551777875901483,-1.7065959568568771,-0.0,0.0,-0.0,961394.6427567853,0.0
2020-05-27,0.0,1.1518310968910805,0.5731462920011033,0.0,0.0,0.0,961394.6427567853,0.0
2020-05-28,0.0,1.152540125324649,-1.2481061603387456,-0.0,0.0,-0.0,961394.6427567853,0.0
2020-05-29,0.0,1.1507149233391347,-1.0149960409435228,-0.0,0.0,-0.0,961394.6427567853,0.0
2020-06-01,0.0,1.1494298940564787,0.4068065949220764,0.0,0.0,0.0,961394.6427567853,0.0
2020-06-02,0.0,1.1499668712834255,0.8389307129419474,0.0,0.0,0.0,961394.6427567853,0.0
2020-06-03,0.0,1.1510454711485796,-0.11629359731237962,-0.0,0.0,-0.0,961394.6427567853,0.0
2020-06-04,0.0,1.1509019801507634,0.44704021035596414,0.0,0.0,0.0,961394.6427567853,0.0
2020-06-05,0.0,1.1514475418530703,0.39859678020710193,0.0,0.0,0.0,961394.6427567853,0.0
2020-06-08,0.0,1.1519892274401613,-0.15603762131135643,0.0,0.0,0.0,961394.6427567853,0.0
2020-06-09,0.0,1.1518370912006624,-0.8928378148621987,0.0,0.0,0.0,961394.6427567853,0.0
2020-06-10,0.0,1.1508420853164354,0.36172045958826204,0.0,0.0,0.0,961394.6427567853,0.0
2020-06-11,0.0,1.1514705751639172,0.330949875946609,0.0,0.0,0.0,961394.6427567853,0.0
2020-06-12,0.0,1.1521658250049653,0.8835011205715421,0.0,0.0,0.0,961394.6427567853,0.0
2020-06-15,0.0,1.152743599257224,0.347900531760025,0.0,0.0,0.0,961394.6427567853,0.0
2020-06-16,0.0,1.1529557329604136,-1.0599352003908986,0.0,0.0,0.0,961394.6427567853,0.0
2020-06-17,0.0,1.152350456365418,0.607932183034303,0.0,0.0,0.0,961394.6427567853,0.0
2020-06-18,0.0,1.1529659787024509,-0.10546035170939472,0.0,0.0,0.0,961394.6427567853,0.0
2020-06-19,0.0,1.152832111644215,-0.6197797090135079,-0.0,0.0,-0.0,961394.6427567853,0.0
2020-06-22,0.0,1.1521711834808532,-0.39687174004204956,-0.0,0.0,-0.0,961394.6427567853,0.0
2020-06-23,0.0,1.151774294857792,-0.9282960287534371,-0.0,0.0,-0.0,961394.6427567853,0.0
2020-06-24,0.0,1.1509622814389502,1.1200706395600173,0.0,0.0,0.0,961394.6427567853,0.0
2020-06-25,0.0,1.1517151666781094,-1.7974503896786886,-0.0,0.0,-0.0,961394.6427567853,0.0
2020-06-26,0.0,1.1503244748701167,-1.31318759275199,-0.0,0.0,-0.0,961394.6427567853,0.0
2020-06-29,0.0,1.1493072156084314,-0.214988373428987,0.0,0.0,0.0,961394.6427567853,0.0
2020-06-30,0.0,1.1492452631178884,2.179446101372317,0.0,0.0,0.0,961394.6427567853,0.0
2020-07-01,-1.0,1.1500132197494637,1.3496531183057345,-0.0022226167269568217,0.0007,-0.002922616726956822,958584.8546926575,1.0
2020-07-02,-1.0,1.1507816171920278,-1.821960578362721,0.0033859149584241064,2.3263577415807424e-07,0.0033856823226499485,961830.3184899504,0.00033233682022582034
2020-07-03,-1.0,1.1486758554158452,1.360655494100046,-0.0026905415874980683,6.379256343912121e-07,-0.0026911795131324594,959241.8604417206,0.0009113223348445887
2020-07-06,-1.0,1.1500262685689415,1.2447208605644053,-0.0024648409229528255,4.092418368140616e-07,-0.0024652501647896394,956877.0892871935,0.0005846311954486594
2020-07-07,-1.0,1.1516265821453435,-1.006787295346269,0.0020350821604002986,4.843089090466102e-07,0.002034597851491252,958823.9493571986,0.000691869870066586
2020-07-08,-1.0,1.1513158816083575,-2.11512878998321,0.004711748261867661,9.397210496294162e-08,0.004711654289762698,963341.5963313145,0.00013424586423277374
2020-07-09,-1.0,1.1502601942070185,-0.10215604258350856,0.00014647605724226647,3.194980234292044e-07,0.00014615655921883727,963482.3950243868,0.0004564257477560063
2020-07-10,0.0,1.1501160017781775,1.2119012695650053,0.0,0.0007,-0.0007,962807.9573478698,1.0
2020-07-13,0.0,1.1500531166264778,1.2615242251951961,0.0,0.0,0.0,962807.9573478698,0.0
2020-07-14,0.0,1.152181388104041,-0.6080331916822509,0.0,0.0,0.0,962807.9573478698,0.0
2020-07-15,0.0,1.1518605941583153,1.321513425626771,0.0,0.0,0.0,962807.9573478698,0.0
2020-07-16,0.0,1.1539905759261846,-1.6221472701399602,0.0,0.0,0.0,962807.9573478698,0.0
2020-07-17,0.0,1.1523021642144404,-0.3666767264992237,0.0,0.0,0.0,962807.9573478698,0.0
2020-07-20,0.0,1.1515977889922413,-0.4817734677708031,0.0,0.0,0.0,962807.9573478698,0.0
2020-07-21,0.0,1.1502372516675723,1.0059429474639494,0.0,0.0,0.0,962807.9573478698,0.0
2020-07-22,0.0,1.150336386109841,0.9133003557574345,0.0,0.0,0.0,962807.9573478698,0.0
2020-07-23,0.0,1.1517825035428864,0.7835604584749853,0.0,0.0,0.0,962807.9573478698,0.0
2020-07-24,0.0,1.15223500433261,-1.0014074385190488,-0.0,0.0,-0.0,962807.9573478698,0.0
2020-07-27,0.0,1.1508150691040373,0.5967008996904047,0.0,0.0,0.0,962807.9573478698,0.0
2020-07-28,0.0,1.1515617356679875,0.33736240426605124,0.0,0.0,0.0,962807.9573478698,0.0
2020-07-29,0.0,1.1520423685556496,-1.1985860708475087,0.0,0.0,0.0,962807.9573478698,0.0
2020-07-30,0.0,1.150754166468861,-1.5238049224172385,-0.0,0.0,-0.0,962807.9573478698,0.0
2020-07-31,0.0,1.1481279519579355,0.8361292125495942,0.0,0.0,0.0,962807.9573478698,0.0
2020-08-03,0.0,1.1486546503692512,-0.1708134445489213,0.0,0.0,0.0,962807.9573478698,0.0
2020-08-04,0.0,1.1483235039136972,-0.8967304276398222,0.0,0.0,0.0,962807.9573478698,0.0
2020-08-05,0.0,1.1472297090339223,-0.04891087252620845,0.0,0.0,0.0,962807.9573478698,0.0
2020-08-06,0.0,1.1471991249110385,0.23549757282863537,0.0,0.0,0.0,962807.9573478698,0.0
2020-08-07,0.0,1.1476832314461305,-0.004652034099653432,0.0,0.0,0.0,962807.9573478698,0.0
2020-08-10,0.0,1.1476779285010092,-1.343218271337507,-0.0,0.0,-0.0,962807.9573478698,0.0
2020-08-11,0.0,1.144959387679391,1.4319068012454734,0.0,0.0,0.0,962807.9573478698,0.0
2020-08-12,0.0,1.1476578690018764,0.8960570189123692,0.0,0.0,0.0,962807.9573478698,0.0
2020-08-13,0.0,1.148452125980734,-0.263538643235412,-0.0,0.0,-0.0,962807.9573478698,0.0
2020-08-14,0.0,1.148138561473438,-0.24830325051904611,-0.0,0.0,-0.0,962807.9573478698,0.0
2020-08-17,0.0,1.1478356609404117,0.2134023378826602,0.0,0.0,0.0,962807.9573478698,0.0
2020-08-18,0.0,1.1482230156646793,-0.9895198544610158,-0.0,0.0,-0.0,962807.9573478698,0.0
2020-08-19,0.0,1.1469094101542263,0.2983795268878902,0.0,0.0,0.0,962807.9573478698,0.0
2020-08-20,0.0,1.1472641301847857,-1.1446892615079542,0.0,0.0,0.0,962807.9573478698,0.0
2020-08-21,0.0,1.1461632019626689,-0.0026541863202632575,0.0,0.0,0.0,962807.9573478698,0.0
2020-08-24,0.0,1.146160592635971,-1.131130098811945,-0.0,0.0,-0.0,962807.9573478698,0.0
2020-08-25,0.0,1.1443606484516282,-0.9827421120884756,-0.0,0.0,-0.0,962807.9573478698,0.0
2020-08-26,0.0,1.143283740117842,1.620374837132724,0.0,0.0,0.0,962807.9573478698,0.0
2020-08-27,0.0,1.1447013378469966,0.21044432567436971,0.0,0.0,0.0,962807.9573478698,0.0
2020-08-28,0.0,1.1448730727124952,0.37334176284360193,0.0,0.0,0.0,962807.9573478698,0.0
2020-08-31,0.0,1.1451050969404113,-1.7481965915455857,0.0,0.0,0.0,962807.9573478698,0.0
2020-09-01,0.0,1.144249289576885,-0.4570413776449259,0.0,0.0,0.0,962807.9573478698,0.0
2020-09-02,0.0,1.1438806771655488,0.49363089660423365,0.0,0.0,0.0,962807.9573478698,0.0
2020-09-03,0.0,1.1446383006990273,0.33306557962132566,0.0,0.0,0.0,962807.9573478698,0.0
2020-09-04,0.0,1.144960143863076,-1.8360483553630405,-0.0,0.0,-0.0,962807.9573478698,0.0
2020-09-07,0.0,1.142859245373568,0.47250657834495813,0.0,0.0,0.0,962807.9573478698,0.0
2020-09-08,0.0,1.1429181330185192,0.5199571174353912,0.0,0.0,0.0,962807.9573478698,0.0
2020-09-09,0.0,1.143529663671318,1.4488530370780581,0.0,0.0,0.0,962807.9573478698,0.0
2020-09-10,0.0,1.144951186471604,-0.5007749682965846,0.0,0.0,0.0,962807.9573478698,0.0
2020-09-11,0.0,1.1444990558199313,-1.9586821198134685,-0.0,0.0,-0.0,962807.9573478698,0.0
2020-09-14,0.0,1.1422507339949612,-0.7545096857566658,0.0,0.0,0.0,962807.9573478698,0.0
2020-09-15,0.0,1.1415742919605292,-0.7275201469429783,0.0,0.0,0.0,962807.9573478698,0.0
2020-09-16,0.0,1.1414467008244067,0.8418355218369034,0.0,0.0,0.0,962807.9573478698,0.0
2020-09-17,0.0,1.1426610839904816,-2.1141257121720507,0.0,0.0,0.0,962807.9573478698,0.0
2020-09-18,1.0,1.1400983274690821,-0.15120897478692522,-0.00027644969418634774,0.0007,-0.0009764496941863477,961867.8238123573,1.0
2020-09-21,0.0,1.1399593794549365,1.4237825648048674,0.0,0.0007,-0.0007,961194.5163356885,1.0
2020-09-22,0.0,1.1410188465849298,0.2725131520651108,0.0,0.0,0.0,961194.5163356885,0.0
2020-09-23,0.0,1.1412201349082198,0.9415461062676286,0.0,0.0,0.0,961194.5163356885,0.0
2020-09-24,0.0,1.1424422067383049,-1.2299626431079904,-0.0,0.0,-0.0,961194.5163356885,0.0
2020-09-25,0.0,1.1399716891407115,-1.1201674752350284,-0.0,0.0,-0.0,961194.5163356885,0.0
2020-09-28,0.0,1.1384665322786578,1.3893847896190452,0.0,0.0,0.0,961194.5163356885,0.0
2020-09-29,0.0,1.1391773275184742,0.2660423682599853,0.0,0.0,0.0,961194.5163356885,0.0
2020-09-30,0.0,1.139577834650038,0.27632066777299086,0.0,0.0,0.0,961194.5163356885,0.0
2020-10-01,0.0,1.1398812993823488,-0.7292256815238142,-0.0,0.0,-0.0,961194.5163356885,0.0
